"","GID_2","value"
"1","USA.4.1_1",6732
"2","USA.4.2_1",62
"3","USA.4.3_1",67
"4","USA.4.4_1",434
"5","USA.4.5_1",198
"6","USA.4.6_1",42
"7","USA.4.7_1",21
"8","USA.4.8_1",248
"9","USA.4.9_1",13
"10","USA.4.10_1",49
"11","USA.4.11_1",38
"12","USA.4.12_1",110
"13","USA.4.13_1",63
"14","USA.4.14_1",40
"15","USA.4.15_1",135
"16","USA.4.16_1",30
"17","USA.4.17_1",128
"18","USA.4.18_1",24
"19","USA.4.19_1",17
"20","USA.4.20_1",15
"21","USA.4.21_1",8
"22","USA.4.22_1",49
"23","USA.4.23_1",177
"24","USA.4.24_1",113
"25","USA.4.25_1",124
"26","USA.4.26_1",70
"27","USA.4.27_1",67
"28","USA.4.28_1",67
"29","USA.4.29_1",163
"30","USA.4.30_1",97
"31","USA.4.31_1",153
"32","USA.4.32_1",148
"33","USA.4.33_1",83
"34","USA.4.34_1",24
"35","USA.4.35_1",36
"36","USA.4.36_1",120
"37","USA.4.37_1",44
"38","USA.4.38_1",53
"39","USA.4.39_1",0
"40","USA.4.40_1",48
"41","USA.4.41_1",61
"42","USA.4.42_1",205
"43","USA.4.43_1",89
"44","USA.4.44_1",206
"45","USA.4.45_1",60
"46","USA.4.46_1",45
"47","USA.4.47_1",5
"48","USA.4.48_1",0
"49","USA.4.49_1",53
"50","USA.4.50_1",79
"51","USA.4.51_1",59
"52","USA.4.52_1",34
"53","USA.4.53_1",57
"54","USA.4.54_1",4
"55","USA.4.55_1",87
"56","USA.4.56_1",5
"57","USA.4.57_1",110
"58","USA.4.58_1",174
"59","USA.4.59_1",17
"60","USA.4.60_1",99
"61","USA.4.61_1",171
"62","USA.4.62_1",4
"63","USA.4.63_1",61
"64","USA.4.64_1",85
"65","USA.4.65_1",81
"66","USA.4.66_1",167
"67","USA.4.67_1",126
"68","USA.4.68_1",123
"69","USA.4.69_1",71
"70","USA.4.70_1",46
"71","USA.4.71_1",90
"72","USA.4.72_1",439
"73","USA.4.73_1",244
"74","USA.4.74_1",3
"75","USA.4.75_1",184
"76","USA.3.1_1",841
"77","USA.3.2_1",195
"78","USA.3.3_1",353
"79","USA.3.4_1",38
"80","USA.3.5_1",34
"81","USA.3.6_1",18
"82","USA.3.7_1",3
"83","USA.3.8_1",290
"84","USA.3.9_1",49
"85","USA.3.10_1",512
"86","USA.3.11_1",110
"87","USA.3.12_1",119
"88","USA.3.13_1",26
"89","USA.3.14_1",139
"90","USA.3.15_1",38
"91","USA.5.1_1",37
"92","USA.5.2_1",0
"93","USA.5.3_1",89
"94","USA.5.4_1",181
"95","USA.5.5_1",149
"96","USA.5.6_1",18
"97","USA.5.7_1",42
"98","USA.5.8_1",15
"99","USA.5.9_1",299
"100","USA.5.10_1",207
"101","USA.5.11_1",63
"102","USA.5.12_1",96
"103","USA.5.13_1",7
"104","USA.5.14_1",6
"105","USA.5.15_1",158
"106","USA.5.16_1",46
"107","USA.5.17_1",84
"108","USA.5.18_1",82
"109","USA.5.19_1",139
"110","USA.5.20_1",89
"111","USA.5.21_1",32
"112","USA.5.22_1",88
"113","USA.5.23_1",117
"114","USA.5.24_1",101
"115","USA.5.25_1",45
"116","USA.5.26_1",9
"117","USA.5.27_1",93
"118","USA.5.28_1",118
"119","USA.5.29_1",154
"120","USA.5.30_1",15
"121","USA.5.31_1",329
"122","USA.5.32_1",47
"123","USA.5.33_1",298
"124","USA.5.34_1",209
"125","USA.5.35_1",49
"126","USA.5.36_1",139
"127","USA.5.37_1",408
"128","USA.5.38_1",0
"129","USA.5.39_1",253
"130","USA.5.40_1",305
"131","USA.5.41_1",40
"132","USA.5.42_1",102
"133","USA.5.43_1",91
"134","USA.5.44_1",85
"135","USA.5.45_1",270
"136","USA.5.46_1",0
"137","USA.5.47_1",94
"138","USA.5.48_1",125
"139","USA.5.49_1",351
"140","USA.5.50_1",237
"141","USA.5.51_1",46
"142","USA.5.52_1",152
"143","USA.5.53_1",35
"144","USA.5.54_1",132
"145","USA.5.55_1",77
"146","USA.5.56_1",124
"147","USA.5.57_1",82
"148","USA.5.58_1",158
"149","USA.6.1_1",204
"150","USA.6.2_1",37
"151","USA.6.3_1",197
"152","USA.6.4_1",57
"153","USA.6.5_1",21
"154","USA.6.6_1",8
"155","USA.6.7_1",192
"156","USA.6.8_1",3
"157","USA.6.9_1",53
"158","USA.6.10_1",3
"159","USA.6.11_1",1
"160","USA.6.12_1",58
"161","USA.6.13_1",4
"162","USA.6.14_1",25
"163","USA.6.15_1",42
"164","USA.6.16_1",319
"165","USA.6.17_1",7
"166","USA.6.18_1",26
"167","USA.6.19_1",270
"168","USA.6.20_1",31
"169","USA.6.21_1",376
"170","USA.6.22_1",481
"171","USA.6.23_1",140
"172","USA.6.24_1",133
"173","USA.6.25_1",9
"174","USA.6.26_1",39
"175","USA.6.27_1",36
"176","USA.6.28_1",0
"177","USA.6.29_1",60
"178","USA.6.30_1",16
"179","USA.6.31_1",145
"180","USA.6.32_1",10
"181","USA.6.33_1",24
"182","USA.6.34_1",237
"183","USA.6.35_1",0
"184","USA.6.36_1",419
"185","USA.6.37_1",53
"186","USA.6.38_1",40
"187","USA.6.39_1",82
"188","USA.6.40_1",614
"189","USA.6.41_1",2
"190","USA.6.42_1",77
"191","USA.6.43_1",165
"192","USA.6.44_1",161
"193","USA.6.45_1",82
"194","USA.6.46_1",46
"195","USA.6.47_1",11
"196","USA.6.48_1",61
"197","USA.6.49_1",15
"198","USA.6.50_1",15
"199","USA.6.51_1",17
"200","USA.6.52_1",140
"201","USA.6.53_1",39
"202","USA.6.54_1",21
"203","USA.6.55_1",136
"204","USA.6.56_1",49
"205","USA.6.57_1",0
"206","USA.6.58_1",9
"207","USA.6.59_1",11
"208","USA.6.60_1",14
"209","USA.6.61_1",42
"210","USA.6.62_1",31
"211","USA.6.63_1",913
"212","USA.6.64_1",57
"213","USA.7.1_1",105
"214","USA.7.2_1",168
"215","USA.7.3_1",276
"216","USA.7.4_1",112
"217","USA.7.5_1",175
"218","USA.7.6_1",201
"219","USA.7.7_1",132
"220","USA.7.8_1",170
"221","USA.8.1_1",240
"222","USA.8.2_1",64
"223","USA.8.3_1",500
"224","USA.10.1_1",271
"225","USA.10.2_1",91
"226","USA.10.3_1",42
"227","USA.10.4_1",70
"228","USA.10.5_1",94
"229","USA.10.6_1",81
"230","USA.10.7_1",40
"231","USA.10.8_1",37
"232","USA.10.9_1",153
"233","USA.10.10_1",95
"234","USA.10.11_1",41
"235","USA.10.12_1",176
"236","USA.10.13_1",58
"237","USA.10.14_1",30
"238","USA.10.15_1",56
"239","USA.10.16_1",67
"240","USA.10.17_1",14
"241","USA.10.18_1",9
"242","USA.10.19_1",73
"243","USA.10.20_1",93
"244","USA.10.21_1",27
"245","USA.10.22_1",3
"246","USA.10.23_1",38
"247","USA.10.24_1",70
"248","USA.10.25_1",19
"249","USA.10.26_1",175
"250","USA.10.27_1",96
"251","USA.10.28_1",270
"252","USA.10.29_1",95
"253","USA.10.30_1",64
"254","USA.10.31_1",96
"255","USA.10.32_1",88
"256","USA.10.33_1",37
"257","USA.10.34_1",243
"258","USA.10.35_1",146
"259","USA.10.36_1",70
"260","USA.10.37_1",121
"261","USA.10.38_1",33
"262","USA.10.39_1",71
"263","USA.10.40_1",98
"264","USA.10.41_1",523
"265","USA.10.42_1",106
"266","USA.10.43_1",283
"267","USA.10.44_1",0
"268","USA.10.45_1",91
"269","USA.10.46_1",74
"270","USA.10.47_1",47
"271","USA.10.48_1",80
"272","USA.10.49_1",47
"273","USA.10.50_1",176
"274","USA.10.51_1",201
"275","USA.10.52_1",14
"276","USA.10.53_1",192
"277","USA.10.54_1",87
"278","USA.10.55_1",27
"279","USA.10.56_1",74
"280","USA.10.57_1",175
"281","USA.10.58_1",46
"282","USA.10.59_1",66
"283","USA.10.60_1",176
"284","USA.10.61_1",195
"285","USA.10.62_1",37
"286","USA.10.63_1",69
"287","USA.10.64_1",262
"288","USA.10.65_1",64
"289","USA.10.66_1",167
"290","USA.10.67_1",98
"291","USA.11.1_1",93
"292","USA.11.2_1",29
"293","USA.11.3_1",38
"294","USA.11.4_1",10
"295","USA.11.5_1",7
"296","USA.11.6_1",152
"297","USA.11.7_1",53
"298","USA.11.8_1",98
"299","USA.11.9_1",35
"300","USA.11.10_1",33
"301","USA.11.11_1",20
"302","USA.11.12_1",9
"303","USA.11.13_1",29
"304","USA.11.14_1",36
"305","USA.11.15_1",21
"306","USA.11.16_1",68
"307","USA.11.17_1",44
"308","USA.11.18_1",29
"309","USA.11.19_1",7
"310","USA.11.20_1",27
"311","USA.11.21_1",35
"312","USA.11.22_1",178
"313","USA.11.23_1",49
"314","USA.11.24_1",18
"315","USA.11.25_1",8
"316","USA.11.26_1",2
"317","USA.11.27_1",29
"318","USA.11.28_1",49
"319","USA.11.29_1",14
"320","USA.11.30_1",2
"321","USA.11.31_1",5
"322","USA.11.32_1",1
"323","USA.11.33_1",30
"324","USA.11.34_1",88
"325","USA.11.35_1",59
"326","USA.11.36_1",62
"327","USA.11.37_1",28
"328","USA.11.38_1",62
"329","USA.11.39_1",54
"330","USA.11.40_1",8
"331","USA.11.41_1",37
"332","USA.11.42_1",47
"333","USA.11.43_1",14
"334","USA.11.44_1",0
"335","USA.11.45_1",73
"336","USA.11.46_1",11
"337","USA.11.47_1",3
"338","USA.11.48_1",12
"339","USA.11.49_1",10
"340","USA.11.50_1",8
"341","USA.11.51_1",59
"342","USA.11.52_1",122
"343","USA.11.53_1",39
"344","USA.11.54_1",24
"345","USA.11.55_1",28
"346","USA.11.56_1",39
"347","USA.11.57_1",79
"348","USA.11.58_1",57
"349","USA.11.59_1",211
"350","USA.11.60_1",52
"351","USA.11.61_1",126
"352","USA.11.62_1",9
"353","USA.11.63_1",29
"354","USA.11.64_1",160
"355","USA.11.65_1",50
"356","USA.11.66_1",27
"357","USA.11.67_1",22
"358","USA.11.68_1",85
"359","USA.11.69_1",132
"360","USA.11.70_1",21
"361","USA.11.71_1",75
"362","USA.11.72_1",34
"363","USA.11.73_1",181
"364","USA.11.74_1",38
"365","USA.11.75_1",44
"366","USA.11.76_1",43
"367","USA.11.77_1",15
"368","USA.11.78_1",142
"369","USA.11.79_1",62
"370","USA.11.80_1",0
"371","USA.11.81_1",24
"372","USA.11.82_1",23
"373","USA.11.83_1",28
"374","USA.11.84_1",25
"375","USA.11.85_1",48
"376","USA.11.86_1",18
"377","USA.11.87_1",97
"378","USA.11.88_1",10
"379","USA.11.89_1",16
"380","USA.11.90_1",25
"381","USA.11.91_1",17
"382","USA.11.92_1",49
"383","USA.11.93_1",76
"384","USA.11.94_1",49
"385","USA.11.95_1",186
"386","USA.11.96_1",34
"387","USA.11.97_1",49
"388","USA.11.98_1",11
"389","USA.11.99_1",52
"390","USA.11.100_1",8
"391","USA.11.101_1",44
"392","USA.11.102_1",46
"393","USA.11.103_1",20
"394","USA.11.104_1",71
"395","USA.11.105_1",59
"396","USA.11.106_1",2
"397","USA.11.107_1",55
"398","USA.11.108_1",43
"399","USA.11.109_1",111
"400","USA.11.110_1",65
"401","USA.11.111_1",42
"402","USA.11.112_1",51
"403","USA.11.113_1",43
"404","USA.11.114_1",47
"405","USA.11.115_1",75
"406","USA.11.116_1",9
"407","USA.11.117_1",28
"408","USA.11.118_1",5
"409","USA.11.119_1",18
"410","USA.11.120_1",0
"411","USA.11.121_1",30
"412","USA.11.122_1",18
"413","USA.11.123_1",9
"414","USA.11.124_1",32
"415","USA.11.125_1",5
"416","USA.11.126_1",28
"417","USA.11.127_1",49
"418","USA.11.128_1",6
"419","USA.11.129_1",23
"420","USA.11.130_1",1
"421","USA.11.131_1",8
"422","USA.11.132_1",119
"423","USA.11.133_1",32
"424","USA.11.134_1",14
"425","USA.11.135_1",10
"426","USA.11.136_1",38
"427","USA.11.137_1",15
"428","USA.11.138_1",41
"429","USA.11.139_1",23
"430","USA.11.140_1",32
"431","USA.11.141_1",47
"432","USA.11.142_1",6
"433","USA.11.143_1",15
"434","USA.11.144_1",58
"435","USA.11.145_1",28
"436","USA.11.146_1",146
"437","USA.11.147_1",72
"438","USA.11.148_1",28
"439","USA.11.149_1",9
"440","USA.11.150_1",33
"441","USA.11.151_1",54
"442","USA.11.152_1",1
"443","USA.11.153_1",5
"444","USA.11.154_1",87
"445","USA.11.155_1",64
"446","USA.11.156_1",22
"447","USA.11.157_1",50
"448","USA.11.158_1",20
"449","USA.11.159_1",30
"450","USA.13.1_1",267
"451","USA.13.2_1",18
"452","USA.13.3_1",223
"453","USA.13.4_1",39
"454","USA.13.5_1",41
"455","USA.13.6_1",147
"456","USA.13.7_1",22
"457","USA.13.8_1",26
"458","USA.13.9_1",256
"459","USA.13.10_1",145
"460","USA.13.11_1",55
"461","USA.13.12_1",12
"462","USA.13.13_1",12
"463","USA.13.14_1",524
"464","USA.13.15_1",46
"465","USA.13.16_1",34
"466","USA.13.17_1",3
"467","USA.13.18_1",34
"468","USA.13.19_1",23
"469","USA.13.20_1",61
"470","USA.13.21_1",98
"471","USA.13.22_1",44
"472","USA.13.23_1",169
"473","USA.13.24_1",48
"474","USA.13.25_1",78
"475","USA.13.26_1",101
"476","USA.13.27_1",43
"477","USA.13.28_1",265
"478","USA.13.29_1",108
"479","USA.13.30_1",55
"480","USA.13.31_1",16
"481","USA.13.32_1",23
"482","USA.13.33_1",25
"483","USA.13.34_1",45
"484","USA.13.35_1",59
"485","USA.13.36_1",52
"486","USA.13.37_1",58
"487","USA.13.38_1",84
"488","USA.13.39_1",17
"489","USA.13.40_1",20
"490","USA.13.41_1",30
"491","USA.13.42_1",164
"492","USA.13.43_1",18
"493","USA.13.44_1",70
"494","USA.14.1_1",54
"495","USA.14.2_1",5
"496","USA.14.3_1",37
"497","USA.14.4_1",60
"498","USA.14.5_1",24
"499","USA.14.6_1",63
"500","USA.14.7_1",11
"501","USA.14.8_1",39
"502","USA.14.9_1",5
"503","USA.14.10_1",73
"504","USA.14.11_1",38
"505","USA.14.12_1",37
"506","USA.14.13_1",32
"507","USA.14.14_1",53
"508","USA.14.15_1",27
"509","USA.14.16_1",22
"510","USA.14.17_1",41
"511","USA.14.18_1",26
"512","USA.14.19_1",77
"513","USA.14.20_1",26
"514","USA.14.21_1",45
"515","USA.14.22_1",22
"516","USA.14.23_1",25
"517","USA.14.24_1",17
"518","USA.14.25_1",75
"519","USA.14.26_1",57
"520","USA.14.27_1",22
"521","USA.14.28_1",39
"522","USA.14.29_1",65
"523","USA.14.30_1",2
"524","USA.14.31_1",24
"525","USA.14.32_1",35
"526","USA.14.33_1",19
"527","USA.14.34_1",44
"528","USA.14.35_1",9
"529","USA.14.36_1",17
"530","USA.14.37_1",79
"531","USA.14.38_1",94
"532","USA.14.39_1",75
"533","USA.14.40_1",27
"534","USA.14.41_1",61
"535","USA.14.42_1",20
"536","USA.14.43_1",69
"537","USA.14.44_1",52
"538","USA.14.45_1",58
"539","USA.14.46_1",74
"540","USA.14.47_1",41
"541","USA.14.48_1",58
"542","USA.14.49_1",102
"543","USA.14.50_1",48
"544","USA.14.51_1",52
"545","USA.14.52_1",33
"546","USA.14.53_1",44
"547","USA.14.54_1",62
"548","USA.14.55_1",25
"549","USA.14.56_1",25
"550","USA.14.57_1",87
"551","USA.14.58_1",86
"552","USA.14.59_1",48
"553","USA.14.60_1",32
"554","USA.14.61_1",16
"555","USA.14.62_1",20
"556","USA.14.63_1",23
"557","USA.14.64_1",232
"558","USA.14.65_1",84
"559","USA.14.66_1",20
"560","USA.14.67_1",27
"561","USA.14.68_1",39
"562","USA.14.69_1",57
"563","USA.14.70_1",17
"564","USA.14.71_1",74
"565","USA.14.72_1",72
"566","USA.14.73_1",79
"567","USA.14.74_1",19
"568","USA.14.75_1",33
"569","USA.14.76_1",37
"570","USA.14.77_1",26
"571","USA.14.78_1",6
"572","USA.14.79_1",8
"573","USA.14.80_1",65
"574","USA.14.81_1",30
"575","USA.14.82_1",87
"576","USA.14.83_1",0
"577","USA.14.84_1",31
"578","USA.14.85_1",40
"579","USA.14.86_1",10
"580","USA.14.87_1",11
"581","USA.14.88_1",44
"582","USA.14.89_1",27
"583","USA.14.90_1",101
"584","USA.14.91_1",75
"585","USA.14.92_1",35
"586","USA.14.93_1",48
"587","USA.14.94_1",9
"588","USA.14.95_1",64
"589","USA.14.96_1",29
"590","USA.14.97_1",69
"591","USA.14.98_1",27
"592","USA.14.99_1",69
"593","USA.14.100_1",145
"594","USA.14.101_1",65
"595","USA.14.102_1",114
"596","USA.14.103_1",94
"597","USA.15.1_1",294
"598","USA.15.2_1",185
"599","USA.15.3_1",42
"600","USA.15.4_1",14
"601","USA.15.5_1",21
"602","USA.15.6_1",37
"603","USA.15.7_1",50
"604","USA.15.8_1",50
"605","USA.15.9_1",53
"606","USA.15.10_1",78
"607","USA.15.11_1",58
"608","USA.15.12_1",34
"609","USA.15.13_1",36
"610","USA.15.14_1",277
"611","USA.15.15_1",88
"612","USA.15.16_1",57
"613","USA.15.17_1",34
"614","USA.15.18_1",77
"615","USA.15.19_1",89
"616","USA.15.20_1",544
"617","USA.15.21_1",23
"618","USA.15.22_1",38
"619","USA.15.23_1",20
"620","USA.15.24_1",51
"621","USA.15.25_1",69
"622","USA.15.26_1",28
"623","USA.15.27_1",29
"624","USA.15.28_1",100
"625","USA.15.29_1",80
"626","USA.15.30_1",55
"627","USA.15.31_1",115
"628","USA.15.32_1",98
"629","USA.15.33_1",62
"630","USA.15.34_1",50
"631","USA.15.35_1",46
"632","USA.15.36_1",44
"633","USA.15.37_1",44
"634","USA.15.38_1",98
"635","USA.15.39_1",93
"636","USA.15.40_1",45
"637","USA.15.41_1",72
"638","USA.15.42_1",27
"639","USA.15.43_1",163
"640","USA.15.44_1",765
"641","USA.15.45_1",55
"642","USA.15.46_1",0
"643","USA.15.47_1",75
"644","USA.15.48_1",104
"645","USA.15.49_1",63
"646","USA.15.50_1",35
"647","USA.15.51_1",121
"648","USA.15.52_1",32
"649","USA.15.53_1",56
"650","USA.15.54_1",73
"651","USA.15.55_1",79
"652","USA.15.56_1",73
"653","USA.15.57_1",15
"654","USA.15.58_1",197
"655","USA.15.59_1",10
"656","USA.15.60_1",53
"657","USA.15.61_1",67
"658","USA.15.62_1",103
"659","USA.15.63_1",39
"660","USA.15.64_1",12
"661","USA.15.65_1",79
"662","USA.15.66_1",23
"663","USA.15.67_1",24
"664","USA.15.68_1",75
"665","USA.15.69_1",51
"666","USA.15.70_1",88
"667","USA.15.71_1",27
"668","USA.15.72_1",77
"669","USA.15.73_1",44
"670","USA.15.74_1",51
"671","USA.15.75_1",56
"672","USA.15.76_1",21
"673","USA.15.77_1",46
"674","USA.15.78_1",23
"675","USA.15.79_1",44
"676","USA.15.80_1",88
"677","USA.15.81_1",37
"678","USA.15.82_1",18
"679","USA.15.83_1",24
"680","USA.15.84_1",19
"681","USA.15.85_1",45
"682","USA.15.86_1",51
"683","USA.15.87_1",41
"684","USA.15.88_1",43
"685","USA.15.89_1",133
"686","USA.15.90_1",109
"687","USA.15.91_1",33
"688","USA.15.92_1",30
"689","USA.15.93_1",51
"690","USA.16.1_1",38
"691","USA.16.2_1",23
"692","USA.16.3_1",72
"693","USA.16.4_1",80
"694","USA.16.5_1",26
"695","USA.16.6_1",63
"696","USA.16.7_1",100
"697","USA.16.8_1",68
"698","USA.16.9_1",106
"699","USA.16.10_1",84
"700","USA.16.11_1",43
"701","USA.16.12_1",67
"702","USA.16.13_1",39
"703","USA.16.14_1",55
"704","USA.16.15_1",39
"705","USA.16.16_1",70
"706","USA.16.17_1",45
"707","USA.16.18_1",36
"708","USA.16.19_1",41
"709","USA.16.20_1",55
"710","USA.16.21_1",24
"711","USA.16.22_1",97
"712","USA.16.23_1",54
"713","USA.16.24_1",40
"714","USA.16.25_1",94
"715","USA.16.26_1",118
"716","USA.16.27_1",44
"717","USA.16.28_1",67
"718","USA.16.29_1",27
"719","USA.16.30_1",32
"720","USA.16.31_1",118
"721","USA.16.32_1",18
"722","USA.16.33_1",69
"723","USA.16.34_1",61
"724","USA.16.35_1",42
"725","USA.16.36_1",16
"726","USA.16.37_1",52
"727","USA.16.38_1",38
"728","USA.16.39_1",34
"729","USA.16.40_1",55
"730","USA.16.41_1",43
"731","USA.16.42_1",49
"732","USA.16.43_1",57
"733","USA.16.44_1",60
"734","USA.16.45_1",59
"735","USA.16.46_1",15
"736","USA.16.47_1",15
"737","USA.16.48_1",5790
"738","USA.16.49_1",82
"739","USA.16.50_1",101
"740","USA.16.51_1",61
"741","USA.16.52_1",144
"742","USA.16.53_1",49
"743","USA.16.54_1",38
"744","USA.16.55_1",37
"745","USA.16.56_1",50
"746","USA.16.57_1",112
"747","USA.16.58_1",24
"748","USA.16.59_1",52
"749","USA.16.60_1",76
"750","USA.16.61_1",156
"751","USA.16.62_1",39
"752","USA.16.63_1",80
"753","USA.16.64_1",46
"754","USA.16.65_1",39
"755","USA.16.66_1",61
"756","USA.16.67_1",23
"757","USA.16.68_1",34
"758","USA.16.69_1",25
"759","USA.16.70_1",49
"760","USA.16.71_1",38
"761","USA.16.72_1",23
"762","USA.16.73_1",22
"763","USA.16.74_1",25
"764","USA.16.75_1",59
"765","USA.16.76_1",21
"766","USA.16.77_1",121
"767","USA.16.78_1",98
"768","USA.16.79_1",50
"769","USA.16.80_1",45
"770","USA.16.81_1",39
"771","USA.16.82_1",62
"772","USA.16.83_1",33
"773","USA.16.84_1",112
"774","USA.16.85_1",111
"775","USA.16.86_1",41
"776","USA.16.87_1",31
"777","USA.16.88_1",76
"778","USA.16.89_1",59
"779","USA.16.90_1",47
"780","USA.16.91_1",208
"781","USA.16.92_1",105
"782","USA.16.93_1",49
"783","USA.16.94_1",57
"784","USA.16.95_1",23
"785","USA.16.96_1",83
"786","USA.16.97_1",65
"787","USA.16.98_1",48
"788","USA.16.99_1",44
"789","USA.19.1_1",60
"790","USA.19.2_1",52
"791","USA.19.3_1",46
"792","USA.19.4_1",8
"793","USA.19.5_1",87
"794","USA.19.6_1",157
"795","USA.19.7_1",31
"796","USA.19.8_1",92
"797","USA.19.9_1",95
"798","USA.19.10_1",127
"799","USA.19.11_1",42
"800","USA.19.12_1",11
"801","USA.19.13_1",28
"802","USA.19.14_1",63
"803","USA.19.15_1",4
"804","USA.19.16_1",93
"805","USA.19.17_1",77
"806","USA.19.18_1",3
"807","USA.19.19_1",71
"808","USA.19.20_1",41
"809","USA.19.21_1",27
"810","USA.19.22_1",47
"811","USA.19.23_1",36
"812","USA.19.24_1",8
"813","USA.19.25_1",48
"814","USA.19.26_1",0
"815","USA.19.27_1",73
"816","USA.19.28_1",61
"817","USA.19.29_1",99
"818","USA.19.30_1",59
"819","USA.19.31_1",101
"820","USA.19.32_1",131
"821","USA.19.33_1",4
"822","USA.19.34_1",17
"823","USA.19.35_1",43
"824","USA.19.36_1",14
"825","USA.19.37_1",114
"826","USA.19.38_1",8
"827","USA.19.39_1",40
"828","USA.19.40_1",101
"829","USA.19.41_1",18
"830","USA.19.42_1",15
"831","USA.19.43_1",62
"832","USA.19.44_1",8
"833","USA.19.45_1",11
"834","USA.19.46_1",55
"835","USA.19.47_1",6
"836","USA.19.48_1",2
"837","USA.19.49_1",118
"838","USA.19.50_1",49
"839","USA.19.51_1",10
"840","USA.19.52_1",224
"841","USA.19.53_1",137
"842","USA.19.54_1",6
"843","USA.19.55_1",33
"844","USA.19.56_1",117
"845","USA.19.57_1",81
"846","USA.19.58_1",114
"847","USA.19.59_1",152
"848","USA.19.60_1",68
"849","USA.19.61_1",14
"850","USA.19.62_1",28
"851","USA.19.63_1",0
"852","USA.19.64_1",35
"853","USA.21.1_1",46
"854","USA.21.2_1",180
"855","USA.21.3_1",207
"856","USA.21.4_1",78
"857","USA.21.5_1",154
"858","USA.21.6_1",284
"859","USA.21.7_1",127
"860","USA.21.8_1",86
"861","USA.21.9_1",76
"862","USA.21.10_1",327
"863","USA.21.11_1",124
"864","USA.21.12_1",136
"865","USA.21.13_1",75
"866","USA.21.14_1",41
"867","USA.21.15_1",164
"868","USA.21.16_1",0
"869","USA.21.17_1",0
"870","USA.21.18_1",0
"871","USA.21.19_1",88
"872","USA.21.20_1",41
"873","USA.21.21_1",178
"874","USA.21.22_1",109
"875","USA.21.23_1",92
"876","USA.23.1_1",32
"877","USA.23.2_1",22
"878","USA.23.3_1",230
"879","USA.23.4_1",61
"880","USA.23.5_1",67
"881","USA.23.6_1",30
"882","USA.23.7_1",15
"883","USA.23.8_1",239
"884","USA.23.9_1",37
"885","USA.23.10_1",37
"886","USA.23.11_1",96
"887","USA.23.12_1",135
"888","USA.23.13_1",152
"889","USA.23.14_1",84
"890","USA.23.15_1",58
"891","USA.23.16_1",54
"892","USA.23.17_1",70
"893","USA.23.18_1",59
"894","USA.23.19_1",205
"895","USA.23.20_1",12
"896","USA.23.21_1",46
"897","USA.23.22_1",21
"898","USA.23.23_1",177
"899","USA.23.24_1",103
"900","USA.23.25_1",244
"901","USA.23.26_1",90
"902","USA.23.27_1",20
"903","USA.23.28_1",115
"904","USA.23.29_1",61
"905","USA.23.30_1",181
"906","USA.23.31_1",40
"907","USA.23.32_1",81
"908","USA.23.33_1",181
"909","USA.23.34_1",160
"910","USA.23.35_1",59
"911","USA.23.36_1",20
"912","USA.23.37_1",89
"913","USA.23.38_1",200
"914","USA.23.39_1",102
"915","USA.23.40_1",36
"916","USA.23.41_1",205
"917","USA.23.42_1",0
"918","USA.23.43_1",38
"919","USA.23.44_1",0
"920","USA.23.45_1",0
"921","USA.23.46_1",0
"922","USA.23.47_1",0
"923","USA.23.48_1",256
"924","USA.23.49_1",103
"925","USA.23.50_1",137
"926","USA.23.51_1",161
"927","USA.23.52_1",21
"928","USA.23.53_1",22
"929","USA.23.54_1",85
"930","USA.23.55_1",64
"931","USA.23.56_1",85
"932","USA.23.57_1",66
"933","USA.23.58_1",151
"934","USA.23.59_1",39
"935","USA.23.60_1",113
"936","USA.23.61_1",52
"937","USA.23.62_1",172
"938","USA.23.63_1",167
"939","USA.23.64_1",25
"940","USA.23.65_1",58
"941","USA.23.66_1",172
"942","USA.23.67_1",169
"943","USA.23.68_1",92
"944","USA.23.69_1",46
"945","USA.23.70_1",11
"946","USA.23.71_1",88
"947","USA.23.72_1",36
"948","USA.23.73_1",63
"949","USA.23.74_1",141
"950","USA.23.75_1",50
"951","USA.23.76_1",5
"952","USA.23.77_1",125
"953","USA.23.78_1",224
"954","USA.23.79_1",178
"955","USA.23.80_1",189
"956","USA.23.81_1",15
"957","USA.23.82_1",136
"958","USA.23.83_1",172
"959","USA.23.84_1",135
"960","USA.23.85_1",335
"961","USA.23.86_1",61
"962","USA.23.87_1",80
"963","USA.24.1_1",81
"964","USA.24.2_1",59
"965","USA.24.3_1",64
"966","USA.24.4_1",85
"967","USA.24.5_1",109
"968","USA.24.6_1",17
"969","USA.24.7_1",54
"970","USA.24.8_1",52
"971","USA.24.9_1",110
"972","USA.24.10_1",93
"973","USA.24.11_1",118
"974","USA.24.12_1",24
"975","USA.24.13_1",188
"976","USA.24.14_1",58
"977","USA.24.15_1",42
"978","USA.24.16_1",7
"979","USA.24.17_1",30
"980","USA.24.18_1",66
"981","USA.24.19_1",112
"982","USA.24.20_1",77
"983","USA.24.21_1",101
"984","USA.24.22_1",36
"985","USA.24.23_1",138
"986","USA.24.24_1",54
"987","USA.24.25_1",177
"988","USA.24.26_1",18
"989","USA.24.27_1",114
"990","USA.24.28_1",63
"991","USA.24.29_1",46
"992","USA.24.30_1",199
"993","USA.24.31_1",94
"994","USA.24.32_1",32
"995","USA.24.33_1",129
"996","USA.24.34_1",115
"997","USA.24.35_1",12
"998","USA.24.36_1",37
"999","USA.24.37_1",31
"1000","USA.24.38_1",17
"1001","USA.24.39_1",21
"1002","USA.24.40_1",0
"1003","USA.24.41_1",79
"1004","USA.24.42_1",10
"1005","USA.24.43_1",40
"1006","USA.24.44_1",11
"1007","USA.24.45_1",27
"1008","USA.24.46_1",38
"1009","USA.24.47_1",93
"1010","USA.24.48_1",89
"1011","USA.24.49_1",123
"1012","USA.24.50_1",288
"1013","USA.24.51_1",94
"1014","USA.24.52_1",24
"1015","USA.24.53_1",43
"1016","USA.24.54_1",56
"1017","USA.24.55_1",21
"1018","USA.24.56_1",116
"1019","USA.24.57_1",221
"1020","USA.24.58_1",14
"1021","USA.24.59_1",162
"1022","USA.24.60_1",30
"1023","USA.24.61_1",63
"1024","USA.24.62_1",55
"1025","USA.24.63_1",0
"1026","USA.24.64_1",5
"1027","USA.24.65_1",66
"1028","USA.24.66_1",43
"1029","USA.24.67_1",153
"1030","USA.24.68_1",31
"1031","USA.24.69_1",56
"1032","USA.24.70_1",225
"1033","USA.24.71_1",135
"1034","USA.24.72_1",130
"1035","USA.24.73_1",76
"1036","USA.24.74_1",376
"1037","USA.24.75_1",70
"1038","USA.24.76_1",22
"1039","USA.24.77_1",31
"1040","USA.24.78_1",259
"1041","USA.24.79_1",2
"1042","USA.24.80_1",56
"1043","USA.24.81_1",69
"1044","USA.24.82_1",59
"1045","USA.24.83_1",73
"1046","USA.24.84_1",37
"1047","USA.24.85_1",12
"1048","USA.24.86_1",117
"1049","USA.24.87_1",222
"1050","USA.24.88_1",41
"1051","USA.25.1_1",10
"1052","USA.25.2_1",39
"1053","USA.25.3_1",49
"1054","USA.25.4_1",46
"1055","USA.25.5_1",24
"1056","USA.25.6_1",0
"1057","USA.25.7_1",23
"1058","USA.25.8_1",41
"1059","USA.25.9_1",34
"1060","USA.25.10_1",17
"1061","USA.25.11_1",5
"1062","USA.25.12_1",52
"1063","USA.25.13_1",25
"1064","USA.25.14_1",3
"1065","USA.25.15_1",82
"1066","USA.25.16_1",78
"1067","USA.25.17_1",52
"1068","USA.25.18_1",74
"1069","USA.25.19_1",15
"1070","USA.25.20_1",81
"1071","USA.25.21_1",95
"1072","USA.25.22_1",22
"1073","USA.25.23_1",58
"1074","USA.25.24_1",87
"1075","USA.25.25_1",79
"1076","USA.25.26_1",29
"1077","USA.25.27_1",0
"1078","USA.25.28_1",1
"1079","USA.25.29_1",25
"1080","USA.25.30_1",111
"1081","USA.25.31_1",94
"1082","USA.25.32_1",19
"1083","USA.25.33_1",59
"1084","USA.25.34_1",161
"1085","USA.25.35_1",28
"1086","USA.25.36_1",30
"1087","USA.25.37_1",92
"1088","USA.25.38_1",37
"1089","USA.25.39_1",74
"1090","USA.25.40_1",101
"1091","USA.25.41_1",37
"1092","USA.25.42_1",6
"1093","USA.25.43_1",109
"1094","USA.25.44_1",37
"1095","USA.25.45_1",51
"1096","USA.25.46_1",87
"1097","USA.25.47_1",47
"1098","USA.25.48_1",50
"1099","USA.25.49_1",16
"1100","USA.25.50_1",122
"1101","USA.25.51_1",113
"1102","USA.25.52_1",30
"1103","USA.25.53_1",37
"1104","USA.25.54_1",21
"1105","USA.25.55_1",122
"1106","USA.25.56_1",74
"1107","USA.25.57_1",89
"1108","USA.25.58_1",79
"1109","USA.25.59_1",34
"1110","USA.25.60_1",0
"1111","USA.25.61_1",114
"1112","USA.25.62_1",104
"1113","USA.25.63_1",3
"1114","USA.25.64_1",94
"1115","USA.25.65_1",119
"1116","USA.25.66_1",58
"1117","USA.25.67_1",13
"1118","USA.25.68_1",13
"1119","USA.25.69_1",50
"1120","USA.25.70_1",50
"1121","USA.25.71_1",14
"1122","USA.25.72_1",1
"1123","USA.25.73_1",30
"1124","USA.25.74_1",93
"1125","USA.25.75_1",21
"1126","USA.25.76_1",15
"1127","USA.25.77_1",124
"1128","USA.25.78_1",23
"1129","USA.25.79_1",15
"1130","USA.25.80_1",64
"1131","USA.25.81_1",33
"1132","USA.25.82_1",19
"1133","USA.26.1_1",90
"1134","USA.26.2_1",55
"1135","USA.26.3_1",15
"1136","USA.26.4_1",117
"1137","USA.26.5_1",281
"1138","USA.26.6_1",71
"1139","USA.26.7_1",96
"1140","USA.26.8_1",98
"1141","USA.26.9_1",94
"1142","USA.26.10_1",182
"1143","USA.26.11_1",50
"1144","USA.26.12_1",59
"1145","USA.26.13_1",88
"1146","USA.26.14_1",125
"1147","USA.26.15_1",85
"1148","USA.26.16_1",74
"1149","USA.26.17_1",39
"1150","USA.26.18_1",22
"1151","USA.26.19_1",203
"1152","USA.26.20_1",128
"1153","USA.26.21_1",40
"1154","USA.26.22_1",153
"1155","USA.26.23_1",18
"1156","USA.26.24_1",79
"1157","USA.26.25_1",72
"1158","USA.26.26_1",91
"1159","USA.26.27_1",56
"1160","USA.26.28_1",109
"1161","USA.26.29_1",63
"1162","USA.26.30_1",173
"1163","USA.26.31_1",84
"1164","USA.26.32_1",65
"1165","USA.26.33_1",90
"1166","USA.26.34_1",142
"1167","USA.26.35_1",12
"1168","USA.26.36_1",261
"1169","USA.26.37_1",81
"1170","USA.26.38_1",60
"1171","USA.26.39_1",326
"1172","USA.26.40_1",35
"1173","USA.26.41_1",59
"1174","USA.26.42_1",77
"1175","USA.26.43_1",57
"1176","USA.26.44_1",5
"1177","USA.26.45_1",33
"1178","USA.26.46_1",207
"1179","USA.26.47_1",55
"1180","USA.26.48_1",110
"1181","USA.26.49_1",180
"1182","USA.26.50_1",148
"1183","USA.26.51_1",196
"1184","USA.26.52_1",37
"1185","USA.26.53_1",177
"1186","USA.26.54_1",115
"1187","USA.26.55_1",196
"1188","USA.26.56_1",41
"1189","USA.26.57_1",129
"1190","USA.26.58_1",45
"1191","USA.26.59_1",38
"1192","USA.26.60_1",97
"1193","USA.26.61_1",37
"1194","USA.26.62_1",75
"1195","USA.26.63_1",49
"1196","USA.26.64_1",187
"1197","USA.26.65_1",32
"1198","USA.26.66_1",131
"1199","USA.26.67_1",0
"1200","USA.26.68_1",141
"1201","USA.26.69_1",74
"1202","USA.26.70_1",57
"1203","USA.26.71_1",232
"1204","USA.26.72_1",1
"1205","USA.26.73_1",293
"1206","USA.26.74_1",67
"1207","USA.26.75_1",73
"1208","USA.26.76_1",83
"1209","USA.26.77_1",73
"1210","USA.26.78_1",8
"1211","USA.26.79_1",43
"1212","USA.26.80_1",137
"1213","USA.26.81_1",128
"1214","USA.26.82_1",51
"1215","USA.26.83_1",61
"1216","USA.26.84_1",188
"1217","USA.26.85_1",60
"1218","USA.26.86_1",40
"1219","USA.26.87_1",37
"1220","USA.26.88_1",71
"1221","USA.26.89_1",99
"1222","USA.26.90_1",51
"1223","USA.26.91_1",83
"1224","USA.26.92_1",44
"1225","USA.26.93_1",101
"1226","USA.26.94_1",99
"1227","USA.26.95_1",104
"1228","USA.26.96_1",25
"1229","USA.26.97_1",29
"1230","USA.26.98_1",28
"1231","USA.26.99_1",68
"1232","USA.26.100_1",34
"1233","USA.26.101_1",60
"1234","USA.26.102_1",21
"1235","USA.26.103_1",75
"1236","USA.26.104_1",87
"1237","USA.26.105_1",28
"1238","USA.26.106_1",99
"1239","USA.26.107_1",231
"1240","USA.26.108_1",161
"1241","USA.26.109_1",73
"1242","USA.26.110_1",63
"1243","USA.26.111_1",31
"1244","USA.26.112_1",329
"1245","USA.26.113_1",19
"1246","USA.26.114_1",136
"1247","USA.27.1_1",27
"1248","USA.27.2_1",26
"1249","USA.27.3_1",20
"1250","USA.27.4_1",48
"1251","USA.27.5_1",77
"1252","USA.27.6_1",13
"1253","USA.27.7_1",118
"1254","USA.27.8_1",24
"1255","USA.27.9_1",54
"1256","USA.27.10_1",5
"1257","USA.27.11_1",13
"1258","USA.27.12_1",10
"1259","USA.27.13_1",20
"1260","USA.27.14_1",58
"1261","USA.27.15_1",167
"1262","USA.27.16_1",148
"1263","USA.27.17_1",19
"1264","USA.27.18_1",22
"1265","USA.27.19_1",13
"1266","USA.27.20_1",12
"1267","USA.27.21_1",31
"1268","USA.27.22_1",52
"1269","USA.27.23_1",19
"1270","USA.27.24_1",134
"1271","USA.27.25_1",89
"1272","USA.27.26_1",10
"1273","USA.27.27_1",57
"1274","USA.27.28_1",44
"1275","USA.27.29_1",9
"1276","USA.27.30_1",15
"1277","USA.27.31_1",11
"1278","USA.27.32_1",116
"1279","USA.27.33_1",46
"1280","USA.27.34_1",57
"1281","USA.27.35_1",3
"1282","USA.27.36_1",14
"1283","USA.27.37_1",23
"1284","USA.27.38_1",42
"1285","USA.27.39_1",34
"1286","USA.27.40_1",2
"1287","USA.27.41_1",243
"1288","USA.27.42_1",35
"1289","USA.27.43_1",17
"1290","USA.27.44_1",27
"1291","USA.27.45_1",98
"1292","USA.27.46_1",15
"1293","USA.27.47_1",23
"1294","USA.27.48_1",46
"1295","USA.27.49_1",27
"1296","USA.27.50_1",47
"1297","USA.27.51_1",18
"1298","USA.27.52_1",5
"1299","USA.27.53_1",40
"1300","USA.27.54_1",16
"1301","USA.27.55_1",11
"1302","USA.27.56_1",164
"1303","USA.28.1_1",24
"1304","USA.28.2_1",43
"1305","USA.28.3_1",6
"1306","USA.28.4_1",8
"1307","USA.28.5_1",7
"1308","USA.28.6_1",10
"1309","USA.28.7_1",31
"1310","USA.28.8_1",9
"1311","USA.28.9_1",23
"1312","USA.28.10_1",75
"1313","USA.28.11_1",38
"1314","USA.28.12_1",75
"1315","USA.28.13_1",50
"1316","USA.28.14_1",41
"1317","USA.28.15_1",16
"1318","USA.28.16_1",41
"1319","USA.28.17_1",47
"1320","USA.28.18_1",30
"1321","USA.28.19_1",16
"1322","USA.28.20_1",57
"1323","USA.28.21_1",70
"1324","USA.28.22_1",24
"1325","USA.28.23_1",54
"1326","USA.28.24_1",27
"1327","USA.28.25_1",15
"1328","USA.28.26_1",19
"1329","USA.28.27_1",48
"1330","USA.28.28_1",50
"1331","USA.28.29_1",9
"1332","USA.28.30_1",2
"1333","USA.28.31_1",19
"1334","USA.28.32_1",16
"1335","USA.28.33_1",15
"1336","USA.28.34_1",64
"1337","USA.28.35_1",10
"1338","USA.28.36_1",10
"1339","USA.28.37_1",11
"1340","USA.28.38_1",2
"1341","USA.28.39_1",11
"1342","USA.28.40_1",39
"1343","USA.28.41_1",35
"1344","USA.28.42_1",14
"1345","USA.28.43_1",8
"1346","USA.28.44_1",12
"1347","USA.28.45_1",60
"1348","USA.28.46_1",3
"1349","USA.28.47_1",64
"1350","USA.28.48_1",32
"1351","USA.28.49_1",12
"1352","USA.28.50_1",27
"1353","USA.28.51_1",12
"1354","USA.28.52_1",5
"1355","USA.28.53_1",30
"1356","USA.28.54_1",49
"1357","USA.28.55_1",214
"1358","USA.28.56_1",69
"1359","USA.28.57_1",15
"1360","USA.28.58_1",5
"1361","USA.28.59_1",64
"1362","USA.28.60_1",3
"1363","USA.28.61_1",26
"1364","USA.28.62_1",38
"1365","USA.28.63_1",13
"1366","USA.28.64_1",19
"1367","USA.28.65_1",23
"1368","USA.28.66_1",72
"1369","USA.28.67_1",16
"1370","USA.28.68_1",11
"1371","USA.28.69_1",17
"1372","USA.28.70_1",29
"1373","USA.28.71_1",44
"1374","USA.28.72_1",28
"1375","USA.28.73_1",24
"1376","USA.28.74_1",28
"1377","USA.28.75_1",16
"1378","USA.28.76_1",45
"1379","USA.28.77_1",61
"1380","USA.28.78_1",65
"1381","USA.28.79_1",84
"1382","USA.28.80_1",85
"1383","USA.28.81_1",35
"1384","USA.28.82_1",26
"1385","USA.28.83_1",26
"1386","USA.28.84_1",38
"1387","USA.28.85_1",24
"1388","USA.28.86_1",10
"1389","USA.28.87_1",18
"1390","USA.28.88_1",8
"1391","USA.28.89_1",70
"1392","USA.28.90_1",18
"1393","USA.28.91_1",14
"1394","USA.28.92_1",10
"1395","USA.28.93_1",31
"1396","USA.29.1_1",36
"1397","USA.29.2_1",84
"1398","USA.29.3_1",30
"1399","USA.29.4_1",47
"1400","USA.29.5_1",81
"1401","USA.29.6_1",3
"1402","USA.29.7_1",9
"1403","USA.29.8_1",43
"1404","USA.29.9_1",7
"1405","USA.29.10_1",19
"1406","USA.29.11_1",56
"1407","USA.29.12_1",5
"1408","USA.29.13_1",34
"1409","USA.29.14_1",24
"1410","USA.29.15_1",2
"1411","USA.29.16_1",71
"1412","USA.29.17_1",3
"1413","USA.31.1_1",96
"1414","USA.31.2_1",11
"1415","USA.31.3_1",200
"1416","USA.31.4_1",22
"1417","USA.31.5_1",29
"1418","USA.31.6_1",87
"1419","USA.31.7_1",0
"1420","USA.31.8_1",106
"1421","USA.31.9_1",0
"1422","USA.31.10_1",465
"1423","USA.31.11_1",66
"1424","USA.31.12_1",42
"1425","USA.31.13_1",293
"1426","USA.31.14_1",126
"1427","USA.31.15_1",58
"1428","USA.31.16_1",48
"1429","USA.31.17_1",179
"1430","USA.31.18_1",101
"1431","USA.31.19_1",295
"1432","USA.31.20_1",1
"1433","USA.31.21_1",233
"1434","USA.32.1_1",273
"1435","USA.32.2_1",40
"1436","USA.32.3_1",69
"1437","USA.32.4_1",94
"1438","USA.32.5_1",29
"1439","USA.32.6_1",25
"1440","USA.32.7_1",24
"1441","USA.32.8_1",155
"1442","USA.32.9_1",29
"1443","USA.32.10_1",42
"1444","USA.32.11_1",10
"1445","USA.32.12_1",13
"1446","USA.32.13_1",24
"1447","USA.32.14_1",78
"1448","USA.32.15_1",62
"1449","USA.32.16_1",2
"1450","USA.32.17_1",16
"1451","USA.32.18_1",269
"1452","USA.32.19_1",36
"1453","USA.32.20_1",68
"1454","USA.32.21_1",59
"1455","USA.32.22_1",162
"1456","USA.32.23_1",44
"1457","USA.32.24_1",493
"1458","USA.32.25_1",98
"1459","USA.32.26_1",127
"1460","USA.32.27_1",130
"1461","USA.32.28_1",37
"1462","USA.32.29_1",55
"1463","USA.32.30_1",83
"1464","USA.32.31_1",80
"1465","USA.32.32_1",13
"1466","USA.32.33_1",176
"1467","USA.33.1_1",117
"1468","USA.33.2_1",149
"1469","USA.33.3_1",1
"1470","USA.33.4_1",95
"1471","USA.33.5_1",159
"1472","USA.33.6_1",107
"1473","USA.33.7_1",204
"1474","USA.33.8_1",55
"1475","USA.33.9_1",119
"1476","USA.33.10_1",139
"1477","USA.33.11_1",105
"1478","USA.33.12_1",73
"1479","USA.33.13_1",138
"1480","USA.33.14_1",166
"1481","USA.33.15_1",180
"1482","USA.33.16_1",80
"1483","USA.33.17_1",100
"1484","USA.33.18_1",37
"1485","USA.33.19_1",71
"1486","USA.33.20_1",60
"1487","USA.33.21_1",4
"1488","USA.33.22_1",102
"1489","USA.33.23_1",133
"1490","USA.33.24_1",0
"1491","USA.33.25_1",0
"1492","USA.33.26_1",79
"1493","USA.33.27_1",102
"1494","USA.33.28_1",113
"1495","USA.33.29_1",81
"1496","USA.33.30_1",139
"1497","USA.33.31_1",4
"1498","USA.33.32_1",6
"1499","USA.33.33_1",113
"1500","USA.33.34_1",219
"1501","USA.33.35_1",85
"1502","USA.33.36_1",117
"1503","USA.33.37_1",151
"1504","USA.33.38_1",74
"1505","USA.33.39_1",140
"1506","USA.33.40_1",199
"1507","USA.33.41_1",27
"1508","USA.33.42_1",3
"1509","USA.33.43_1",138
"1510","USA.33.44_1",0
"1511","USA.33.45_1",3
"1512","USA.33.46_1",217
"1513","USA.33.47_1",152
"1514","USA.33.48_1",36
"1515","USA.33.49_1",132
"1516","USA.33.50_1",85
"1517","USA.33.51_1",52
"1518","USA.33.52_1",225
"1519","USA.33.53_1",81
"1520","USA.33.54_1",137
"1521","USA.33.55_1",92
"1522","USA.33.56_1",75
"1523","USA.33.57_1",95
"1524","USA.33.58_1",32
"1525","USA.33.59_1",160
"1526","USA.33.60_1",138
"1527","USA.33.61_1",22
"1528","USA.33.62_1",78
"1529","USA.33.63_1",190
"1530","USA.34.1_1",104
"1531","USA.34.2_1",187
"1532","USA.34.3_1",29
"1533","USA.34.4_1",121
"1534","USA.34.5_1",69
"1535","USA.34.6_1",29
"1536","USA.34.7_1",18
"1537","USA.34.8_1",76
"1538","USA.34.9_1",77
"1539","USA.34.10_1",38
"1540","USA.34.11_1",176
"1541","USA.34.12_1",112
"1542","USA.34.13_1",123
"1543","USA.34.14_1",109
"1544","USA.34.15_1",19
"1545","USA.34.16_1",9
"1546","USA.34.17_1",54
"1547","USA.34.18_1",130
"1548","USA.34.19_1",252
"1549","USA.34.20_1",46
"1550","USA.34.21_1",7
"1551","USA.34.22_1",21
"1552","USA.34.23_1",188
"1553","USA.34.24_1",49
"1554","USA.34.25_1",43
"1555","USA.34.26_1",82
"1556","USA.34.27_1",28
"1557","USA.34.28_1",5
"1558","USA.34.29_1",136
"1559","USA.34.30_1",63
"1560","USA.34.31_1",211
"1561","USA.34.32_1",59
"1562","USA.34.33_1",44
"1563","USA.34.34_1",86
"1564","USA.34.35_1",113
"1565","USA.34.36_1",86
"1566","USA.34.37_1",33
"1567","USA.34.38_1",18
"1568","USA.34.39_1",72
"1569","USA.34.40_1",33
"1570","USA.34.41_1",97
"1571","USA.34.42_1",21
"1572","USA.34.43_1",120
"1573","USA.34.44_1",111
"1574","USA.34.45_1",85
"1575","USA.34.46_1",10
"1576","USA.34.47_1",39
"1577","USA.34.48_1",1
"1578","USA.34.49_1",166
"1579","USA.34.50_1",34
"1580","USA.34.51_1",153
"1581","USA.34.52_1",27
"1582","USA.34.53_1",64
"1583","USA.34.54_1",61
"1584","USA.34.55_1",98
"1585","USA.34.56_1",75
"1586","USA.34.57_1",110
"1587","USA.34.58_1",15
"1588","USA.34.59_1",61
"1589","USA.34.60_1",32
"1590","USA.34.61_1",56
"1591","USA.34.62_1",69
"1592","USA.34.63_1",202
"1593","USA.34.64_1",51
"1594","USA.34.65_1",17
"1595","USA.34.66_1",24
"1596","USA.34.67_1",98
"1597","USA.34.68_1",147
"1598","USA.34.69_1",9
"1599","USA.34.70_1",8
"1600","USA.34.71_1",91
"1601","USA.34.72_1",17
"1602","USA.34.73_1",57
"1603","USA.34.74_1",56
"1604","USA.34.75_1",36
"1605","USA.34.76_1",293
"1606","USA.34.77_1",107
"1607","USA.34.78_1",115
"1608","USA.34.79_1",117
"1609","USA.34.80_1",150
"1610","USA.34.81_1",145
"1611","USA.34.82_1",206
"1612","USA.34.83_1",38
"1613","USA.34.84_1",95
"1614","USA.34.85_1",96
"1615","USA.34.86_1",208
"1616","USA.34.87_1",16
"1617","USA.34.88_1",27
"1618","USA.34.89_1",1
"1619","USA.34.90_1",210
"1620","USA.34.91_1",30
"1621","USA.34.92_1",135
"1622","USA.34.93_1",17
"1623","USA.34.94_1",8
"1624","USA.34.95_1",51
"1625","USA.34.96_1",99
"1626","USA.34.97_1",184
"1627","USA.34.98_1",29
"1628","USA.34.99_1",157
"1629","USA.34.100_1",60
"1630","USA.35.1_1",11
"1631","USA.35.2_1",22
"1632","USA.35.3_1",11
"1633","USA.35.4_1",16
"1634","USA.35.5_1",22
"1635","USA.35.6_1",7
"1636","USA.35.7_1",11
"1637","USA.35.8_1",55
"1638","USA.35.9_1",14
"1639","USA.35.10_1",8
"1640","USA.35.11_1",17
"1641","USA.35.12_1",8
"1642","USA.35.13_1",11
"1643","USA.35.14_1",6
"1644","USA.35.15_1",9
"1645","USA.35.16_1",3
"1646","USA.35.17_1",21
"1647","USA.35.18_1",19
"1648","USA.35.19_1",7
"1649","USA.35.20_1",21
"1650","USA.35.21_1",9
"1651","USA.35.22_1",12
"1652","USA.35.23_1",23
"1653","USA.35.24_1",13
"1654","USA.35.25_1",21
"1655","USA.35.26_1",10
"1656","USA.35.27_1",21
"1657","USA.35.28_1",39
"1658","USA.35.29_1",12
"1659","USA.35.30_1",47
"1660","USA.35.31_1",26
"1661","USA.35.32_1",13
"1662","USA.35.33_1",14
"1663","USA.35.34_1",20
"1664","USA.35.35_1",8
"1665","USA.35.36_1",17
"1666","USA.35.37_1",13
"1667","USA.35.38_1",3
"1668","USA.35.39_1",36
"1669","USA.35.40_1",8
"1670","USA.35.41_1",5
"1671","USA.35.42_1",7
"1672","USA.35.43_1",7
"1673","USA.35.44_1",4
"1674","USA.35.45_1",44
"1675","USA.35.46_1",1
"1676","USA.35.47_1",28
"1677","USA.35.48_1",6
"1678","USA.35.49_1",29
"1679","USA.35.50_1",18
"1680","USA.35.51_1",36
"1681","USA.35.52_1",32
"1682","USA.35.53_1",21
"1683","USA.36.1_1",147
"1684","USA.36.2_1",67
"1685","USA.36.3_1",259
"1686","USA.36.4_1",251
"1687","USA.36.5_1",119
"1688","USA.36.6_1",62
"1689","USA.36.7_1",117
"1690","USA.36.8_1",138
"1691","USA.36.9_1",154
"1692","USA.36.10_1",126
"1693","USA.36.11_1",117
"1694","USA.36.12_1",136
"1695","USA.36.13_1",199
"1696","USA.36.14_1",114
"1697","USA.36.15_1",233
"1698","USA.36.16_1",244
"1699","USA.36.17_1",52
"1700","USA.36.18_1",25
"1701","USA.36.19_1",175
"1702","USA.36.20_1",82
"1703","USA.36.21_1",145
"1704","USA.36.22_1",32
"1705","USA.36.23_1",204
"1706","USA.36.24_1",45
"1707","USA.36.25_1",87
"1708","USA.36.26_1",54
"1709","USA.36.27_1",134
"1710","USA.36.28_1",275
"1711","USA.36.29_1",176
"1712","USA.36.30_1",138
"1713","USA.36.31_1",57
"1714","USA.36.32_1",58
"1715","USA.36.33_1",95
"1716","USA.36.34_1",74
"1717","USA.36.35_1",50
"1718","USA.36.36_1",168
"1719","USA.36.37_1",116
"1720","USA.36.38_1",563
"1721","USA.36.39_1",118
"1722","USA.36.40_1",73
"1723","USA.36.41_1",84
"1724","USA.36.42_1",269
"1725","USA.36.43_1",68
"1726","USA.36.44_1",0
"1727","USA.36.45_1",73
"1728","USA.36.46_1",282
"1729","USA.36.47_1",130
"1730","USA.36.48_1",186
"1731","USA.36.49_1",56
"1732","USA.36.50_1",72
"1733","USA.36.51_1",162
"1734","USA.36.52_1",43
"1735","USA.36.53_1",275
"1736","USA.36.54_1",88
"1737","USA.36.55_1",171
"1738","USA.36.56_1",162
"1739","USA.36.57_1",111
"1740","USA.36.58_1",138
"1741","USA.36.59_1",106
"1742","USA.36.60_1",172
"1743","USA.36.61_1",193
"1744","USA.36.62_1",101
"1745","USA.36.63_1",40
"1746","USA.36.64_1",38
"1747","USA.36.65_1",153
"1748","USA.36.66_1",71
"1749","USA.36.67_1",82
"1750","USA.36.68_1",208
"1751","USA.36.69_1",115
"1752","USA.36.70_1",50
"1753","USA.36.71_1",252
"1754","USA.36.72_1",131
"1755","USA.36.73_1",70
"1756","USA.36.74_1",91
"1757","USA.36.75_1",53
"1758","USA.36.76_1",84
"1759","USA.36.77_1",307
"1760","USA.36.78_1",116
"1761","USA.36.79_1",172
"1762","USA.36.80_1",281
"1763","USA.36.81_1",145
"1764","USA.36.82_1",29
"1765","USA.36.83_1",64
"1766","USA.36.84_1",174
"1767","USA.36.85_1",174
"1768","USA.36.86_1",450
"1769","USA.36.87_1",45
"1770","USA.36.88_1",65
"1771","USA.36.89_1",44
"1772","USA.37.1_1",168
"1773","USA.37.2_1",25
"1774","USA.37.3_1",154
"1775","USA.37.4_1",37
"1776","USA.37.5_1",107
"1777","USA.37.6_1",38
"1778","USA.37.7_1",158
"1779","USA.37.8_1",111
"1780","USA.37.9_1",242
"1781","USA.37.10_1",210
"1782","USA.37.11_1",230
"1783","USA.37.12_1",82
"1784","USA.37.13_1",20
"1785","USA.37.14_1",297
"1786","USA.37.15_1",55
"1787","USA.37.16_1",161
"1788","USA.37.17_1",34
"1789","USA.37.18_1",118
"1790","USA.37.19_1",493
"1791","USA.37.20_1",61
"1792","USA.37.21_1",205
"1793","USA.37.22_1",43
"1794","USA.37.23_1",42
"1795","USA.37.24_1",101
"1796","USA.37.25_1",218
"1797","USA.37.26_1",223
"1798","USA.37.27_1",41
"1799","USA.37.28_1",18
"1800","USA.37.29_1",11
"1801","USA.37.30_1",22
"1802","USA.37.31_1",113
"1803","USA.37.32_1",118
"1804","USA.37.33_1",59
"1805","USA.37.34_1",28
"1806","USA.37.35_1",119
"1807","USA.37.36_1",74
"1808","USA.37.37_1",71
"1809","USA.37.38_1",30
"1810","USA.37.39_1",112
"1811","USA.37.40_1",317
"1812","USA.37.41_1",524
"1813","USA.37.42_1",259
"1814","USA.37.43_1",72
"1815","USA.37.44_1",85
"1816","USA.37.45_1",79
"1817","USA.37.46_1",252
"1818","USA.37.47_1",213
"1819","USA.37.48_1",191
"1820","USA.37.49_1",95
"1821","USA.37.50_1",87
"1822","USA.37.51_1",269
"1823","USA.37.52_1",77
"1824","USA.37.53_1",88
"1825","USA.37.54_1",117
"1826","USA.37.55_1",276
"1827","USA.37.56_1",246
"1828","USA.37.57_1",212
"1829","USA.37.58_1",102
"1830","USA.37.59_1",102
"1831","USA.37.60_1",271
"1832","USA.37.61_1",218
"1833","USA.37.62_1",186
"1834","USA.37.63_1",375
"1835","USA.37.64_1",132
"1836","USA.37.65_1",39
"1837","USA.37.66_1",409
"1838","USA.37.67_1",172
"1839","USA.37.68_1",185
"1840","USA.37.69_1",182
"1841","USA.37.70_1",22
"1842","USA.37.71_1",17
"1843","USA.37.72_1",174
"1844","USA.37.73_1",226
"1845","USA.37.74_1",93
"1846","USA.37.75_1",60
"1847","USA.37.76_1",31
"1848","USA.37.77_1",124
"1849","USA.38.1_1",99
"1850","USA.38.2_1",276
"1851","USA.38.3_1",1161
"1852","USA.38.4_1",30
"1853","USA.38.5_1",193
"1854","USA.38.6_1",103
"1855","USA.38.7_1",113
"1856","USA.38.8_1",25
"1857","USA.38.9_1",430
"1858","USA.38.10_1",397
"1859","USA.38.11_1",8
"1860","USA.38.12_1",72
"1861","USA.38.13_1",70
"1862","USA.38.14_1",45
"1863","USA.38.15_1",610
"1864","USA.38.16_1",66
"1865","USA.38.17_1",184
"1866","USA.38.18_1",78
"1867","USA.38.19_1",42
"1868","USA.38.20_1",621
"1869","USA.38.21_1",87
"1870","USA.38.22_1",500
"1871","USA.38.23_1",117
"1872","USA.38.24_1",486
"1873","USA.38.25_1",37
"1874","USA.38.26_1",180
"1875","USA.38.27_1",257
"1876","USA.38.28_1",10
"1877","USA.38.29_1",48
"1878","USA.38.30_1",252
"1879","USA.38.31_1",183
"1880","USA.38.32_1",86
"1881","USA.38.33_1",58
"1882","USA.38.34_1",404
"1883","USA.38.35_1",19
"1884","USA.38.36_1",470
"1885","USA.39.1_1",204
"1886","USA.39.2_1",98
"1887","USA.39.3_1",124
"1888","USA.39.4_1",126
"1889","USA.39.5_1",193
"1890","USA.39.6_1",362
"1891","USA.39.7_1",92
"1892","USA.39.8_1",199
"1893","USA.39.9_1",254
"1894","USA.39.10_1",171
"1895","USA.39.11_1",64
"1896","USA.39.12_1",5
"1897","USA.39.13_1",28
"1898","USA.39.14_1",204
"1899","USA.39.15_1",341
"1900","USA.39.16_1",131
"1901","USA.39.17_1",88
"1902","USA.39.18_1",72
"1903","USA.39.19_1",114
"1904","USA.39.20_1",219
"1905","USA.39.21_1",244
"1906","USA.39.22_1",155
"1907","USA.39.23_1",12
"1908","USA.39.24_1",37
"1909","USA.39.25_1",162
"1910","USA.39.26_1",135
"1911","USA.39.27_1",16
"1912","USA.39.28_1",326
"1913","USA.39.29_1",77
"1914","USA.39.30_1",94
"1915","USA.39.31_1",120
"1916","USA.39.32_1",226
"1917","USA.39.33_1",72
"1918","USA.39.34_1",140
"1919","USA.39.35_1",36
"1920","USA.39.36_1",1319
"1921","USA.39.37_1",91
"1922","USA.39.38_1",256
"1923","USA.39.39_1",83
"1924","USA.39.40_1",82
"1925","USA.39.41_1",170
"1926","USA.39.42_1",59
"1927","USA.39.43_1",223
"1928","USA.39.44_1",128
"1929","USA.39.45_1",43
"1930","USA.39.46_1",174
"1931","USA.39.47_1",50
"1932","USA.39.48_1",101
"1933","USA.39.49_1",135
"1934","USA.39.50_1",121
"1935","USA.39.51_1",4
"1936","USA.39.52_1",13
"1937","USA.39.53_1",92
"1938","USA.39.54_1",145
"1939","USA.39.55_1",250
"1940","USA.39.56_1",233
"1941","USA.39.57_1",18
"1942","USA.39.58_1",109
"1943","USA.39.59_1",161
"1944","USA.39.60_1",167
"1945","USA.39.61_1",70
"1946","USA.39.62_1",74
"1947","USA.39.63_1",267
"1948","USA.39.64_1",93
"1949","USA.39.65_1",206
"1950","USA.39.66_1",72
"1951","USA.39.67_1",411
"1952","USA.42.1_1",21
"1953","USA.42.2_1",43
"1954","USA.42.3_1",6
"1955","USA.42.4_1",11
"1956","USA.42.5_1",57
"1957","USA.42.6_1",45
"1958","USA.42.7_1",18
"1959","USA.42.8_1",2
"1960","USA.42.9_1",63
"1961","USA.42.10_1",3
"1962","USA.42.11_1",28
"1963","USA.42.12_1",26
"1964","USA.42.13_1",22
"1965","USA.42.14_1",53
"1966","USA.42.15_1",12
"1967","USA.42.16_1",58
"1968","USA.42.17_1",34
"1969","USA.42.18_1",27
"1970","USA.42.19_1",35
"1971","USA.42.20_1",10
"1972","USA.42.21_1",26
"1973","USA.42.22_1",11
"1974","USA.42.23_1",64
"1975","USA.42.24_1",16
"1976","USA.42.25_1",46
"1977","USA.42.26_1",26
"1978","USA.42.27_1",10
"1979","USA.42.28_1",34
"1980","USA.42.29_1",8
"1981","USA.42.30_1",32
"1982","USA.42.31_1",19
"1983","USA.42.32_1",51
"1984","USA.42.33_1",38
"1985","USA.42.34_1",8
"1986","USA.42.35_1",16
"1987","USA.42.36_1",10
"1988","USA.42.37_1",3
"1989","USA.42.38_1",29
"1990","USA.42.39_1",12
"1991","USA.42.40_1",32
"1992","USA.42.41_1",73
"1993","USA.42.42_1",13
"1994","USA.42.43_1",19
"1995","USA.42.44_1",48
"1996","USA.42.45_1",25
"1997","USA.42.46_1",97
"1998","USA.42.47_1",14
"1999","USA.42.48_1",10
"2000","USA.42.49_1",80
"2001","USA.42.50_1",38
"2002","USA.42.51_1",110
"2003","USA.42.52_1",23
"2004","USA.42.53_1",2
"2005","USA.42.54_1",28
"2006","USA.42.55_1",23
"2007","USA.42.56_1",0
"2008","USA.42.57_1",18
"2009","USA.42.58_1",9
"2010","USA.42.59_1",6
"2011","USA.42.60_1",10
"2012","USA.42.61_1",18
"2013","USA.42.62_1",34
"2014","USA.42.63_1",21
"2015","USA.42.64_1",9
"2016","USA.42.65_1",37
"2017","USA.42.66_1",8
"2018","USA.43.1_1",87
"2019","USA.43.2_1",155
"2020","USA.43.3_1",84
"2021","USA.43.4_1",80
"2022","USA.43.5_1",187
"2023","USA.43.6_1",137
"2024","USA.43.7_1",51
"2025","USA.43.8_1",105
"2026","USA.43.9_1",73
"2027","USA.43.10_1",65
"2028","USA.43.11_1",79
"2029","USA.43.12_1",46
"2030","USA.43.13_1",104
"2031","USA.43.14_1",50
"2032","USA.43.15_1",106
"2033","USA.43.16_1",109
"2034","USA.43.17_1",21
"2035","USA.43.18_1",166
"2036","USA.43.19_1",60
"2037","USA.43.20_1",42
"2038","USA.43.21_1",78
"2039","USA.43.22_1",186
"2040","USA.43.23_1",31
"2041","USA.43.24_1",91
"2042","USA.43.25_1",97
"2043","USA.43.26_1",94
"2044","USA.43.27_1",44
"2045","USA.43.28_1",187
"2046","USA.43.29_1",108
"2047","USA.43.30_1",330
"2048","USA.43.31_1",53
"2049","USA.43.32_1",65
"2050","USA.43.33_1",116
"2051","USA.43.34_1",45
"2052","USA.43.35_1",70
"2053","USA.43.36_1",54
"2054","USA.43.37_1",219
"2055","USA.43.38_1",14
"2056","USA.43.39_1",65
"2057","USA.43.40_1",93
"2058","USA.43.41_1",127
"2059","USA.43.42_1",42
"2060","USA.43.43_1",93
"2061","USA.43.44_1",91
"2062","USA.43.45_1",120
"2063","USA.43.46_1",53
"2064","USA.43.47_1",169
"2065","USA.43.48_1",0
"2066","USA.43.49_1",26
"2067","USA.43.50_1",207
"2068","USA.43.51_1",61
"2069","USA.43.52_1",212
"2070","USA.43.53_1",121
"2071","USA.43.54_1",92
"2072","USA.43.55_1",50
"2073","USA.43.56_1",77
"2074","USA.43.57_1",159
"2075","USA.43.58_1",258
"2076","USA.43.59_1",198
"2077","USA.43.60_1",65
"2078","USA.43.61_1",35
"2079","USA.43.62_1",130
"2080","USA.43.63_1",116
"2081","USA.43.64_1",40
"2082","USA.43.65_1",80
"2083","USA.43.66_1",36
"2084","USA.43.67_1",145
"2085","USA.43.68_1",46
"2086","USA.43.69_1",25
"2087","USA.43.70_1",74
"2088","USA.43.71_1",152
"2089","USA.43.72_1",58
"2090","USA.43.73_1",129
"2091","USA.43.74_1",179
"2092","USA.43.75_1",251
"2093","USA.43.76_1",41
"2094","USA.43.77_1",35
"2095","USA.43.78_1",73
"2096","USA.43.79_1",80
"2097","USA.43.80_1",107
"2098","USA.43.81_1",46
"2099","USA.43.82_1",177
"2100","USA.43.83_1",211
"2101","USA.43.84_1",51
"2102","USA.43.85_1",37
"2103","USA.43.86_1",17
"2104","USA.43.87_1",78
"2105","USA.43.88_1",68
"2106","USA.43.89_1",153
"2107","USA.43.90_1",204
"2108","USA.43.91_1",92
"2109","USA.43.92_1",70
"2110","USA.43.93_1",133
"2111","USA.43.94_1",169
"2112","USA.43.95_1",289
"2113","USA.44.1_1",243
"2114","USA.44.2_1",29
"2115","USA.44.3_1",156
"2116","USA.44.4_1",18
"2117","USA.44.5_1",41
"2118","USA.44.6_1",7
"2119","USA.44.7_1",195
"2120","USA.44.8_1",234
"2121","USA.44.9_1",15
"2122","USA.44.10_1",160
"2123","USA.44.11_1",298
"2124","USA.44.12_1",10
"2125","USA.44.13_1",94
"2126","USA.44.14_1",430
"2127","USA.44.15_1",365
"2128","USA.44.16_1",123
"2129","USA.44.17_1",4
"2130","USA.44.18_1",222
"2131","USA.44.19_1",175
"2132","USA.44.20_1",459
"2133","USA.44.21_1",114
"2134","USA.44.22_1",21
"2135","USA.44.23_1",3
"2136","USA.44.24_1",21
"2137","USA.44.25_1",215
"2138","USA.44.26_1",218
"2139","USA.44.27_1",313
"2140","USA.44.28_1",162
"2141","USA.44.29_1",46
"2142","USA.44.30_1",154
"2143","USA.44.31_1",197
"2144","USA.44.32_1",80
"2145","USA.44.33_1",14
"2146","USA.44.34_1",193
"2147","USA.44.35_1",7
"2148","USA.44.36_1",79
"2149","USA.44.37_1",189
"2150","USA.44.38_1",8
"2151","USA.44.39_1",86
"2152","USA.44.40_1",4
"2153","USA.44.41_1",22
"2154","USA.44.42_1",83
"2155","USA.44.43_1",599
"2156","USA.44.44_1",7
"2157","USA.44.45_1",133
"2158","USA.44.46_1",201
"2159","USA.44.47_1",173
"2160","USA.44.48_1",14
"2161","USA.44.49_1",338
"2162","USA.44.50_1",274
"2163","USA.44.51_1",11
"2164","USA.44.52_1",6
"2165","USA.44.53_1",4
"2166","USA.44.54_1",14
"2167","USA.44.55_1",6
"2168","USA.44.56_1",7
"2169","USA.44.57_1",132
"2170","USA.44.58_1",17
"2171","USA.44.59_1",16
"2172","USA.44.60_1",41
"2173","USA.44.61_1",571
"2174","USA.44.62_1",122
"2175","USA.44.63_1",21
"2176","USA.44.64_1",13
"2177","USA.44.65_1",15
"2178","USA.44.66_1",49
"2179","USA.44.67_1",163
"2180","USA.44.68_1",35
"2181","USA.44.69_1",25
"2182","USA.44.70_1",96
"2183","USA.44.71_1",515
"2184","USA.44.72_1",319
"2185","USA.44.73_1",132
"2186","USA.44.74_1",322
"2187","USA.44.75_1",223
"2188","USA.44.76_1",41
"2189","USA.44.77_1",15
"2190","USA.44.78_1",6
"2191","USA.44.79_1",136
"2192","USA.44.80_1",119
"2193","USA.44.81_1",144
"2194","USA.44.82_1",59
"2195","USA.44.83_1",40
"2196","USA.44.84_1",147
"2197","USA.44.85_1",15
"2198","USA.44.86_1",253
"2199","USA.44.87_1",7
"2200","USA.44.88_1",132
"2201","USA.44.89_1",215
"2202","USA.44.90_1",34
"2203","USA.44.91_1",453
"2204","USA.44.92_1",109
"2205","USA.44.93_1",208
"2206","USA.44.94_1",429
"2207","USA.44.95_1",16
"2208","USA.44.96_1",8
"2209","USA.44.97_1",95
"2210","USA.44.98_1",3
"2211","USA.44.99_1",6
"2212","USA.44.100_1",205
"2213","USA.44.101_1",334
"2214","USA.44.102_1",172
"2215","USA.44.103_1",8
"2216","USA.44.104_1",14
"2217","USA.44.105_1",197
"2218","USA.44.106_1",11
"2219","USA.44.107_1",355
"2220","USA.44.108_1",369
"2221","USA.44.109_1",329
"2222","USA.44.110_1",40
"2223","USA.44.111_1",210
"2224","USA.44.112_1",316
"2225","USA.44.113_1",118
"2226","USA.44.114_1",28
"2227","USA.44.115_1",11
"2228","USA.44.116_1",763
"2229","USA.44.117_1",34
"2230","USA.44.118_1",26
"2231","USA.44.119_1",103
"2232","USA.44.120_1",77
"2233","USA.44.121_1",245
"2234","USA.44.122_1",18
"2235","USA.44.123_1",109
"2236","USA.44.124_1",20
"2237","USA.44.125_1",126
"2238","USA.44.126_1",691
"2239","USA.44.127_1",125
"2240","USA.44.128_1",56
"2241","USA.44.129_1",540
"2242","USA.44.130_1",261
"2243","USA.44.131_1",1
"2244","USA.44.132_1",3
"2245","USA.44.133_1",204
"2246","USA.44.134_1",46
"2247","USA.44.135_1",0
"2248","USA.44.136_1",7
"2249","USA.44.137_1",38
"2250","USA.44.138_1",22
"2251","USA.44.139_1",26
"2252","USA.44.140_1",269
"2253","USA.44.141_1",37
"2254","USA.44.142_1",178
"2255","USA.44.143_1",242
"2256","USA.44.144_1",150
"2257","USA.44.145_1",173
"2258","USA.44.146_1",278
"2259","USA.44.147_1",138
"2260","USA.44.148_1",17
"2261","USA.44.149_1",98
"2262","USA.44.150_1",49
"2263","USA.44.151_1",0
"2264","USA.44.152_1",155
"2265","USA.44.153_1",6
"2266","USA.44.154_1",89
"2267","USA.44.155_1",43
"2268","USA.44.156_1",16
"2269","USA.44.157_1",58
"2270","USA.44.158_1",60
"2271","USA.44.159_1",63
"2272","USA.44.160_1",44
"2273","USA.44.161_1",575
"2274","USA.44.162_1",8
"2275","USA.44.163_1",322
"2276","USA.44.164_1",13
"2277","USA.44.165_1",66
"2278","USA.44.166_1",265
"2279","USA.44.167_1",80
"2280","USA.44.168_1",19
"2281","USA.44.169_1",264
"2282","USA.44.170_1",316
"2283","USA.44.171_1",15
"2284","USA.44.172_1",47
"2285","USA.44.173_1",7
"2286","USA.44.174_1",266
"2287","USA.44.175_1",290
"2288","USA.44.176_1",111
"2289","USA.44.177_1",34
"2290","USA.44.178_1",66
"2291","USA.44.179_1",6
"2292","USA.44.180_1",6
"2293","USA.44.181_1",167
"2294","USA.44.182_1",204
"2295","USA.44.183_1",115
"2296","USA.44.184_1",986
"2297","USA.44.185_1",7
"2298","USA.44.186_1",24
"2299","USA.44.187_1",132
"2300","USA.44.188_1",35
"2301","USA.44.189_1",6
"2302","USA.44.190_1",121
"2303","USA.44.191_1",143
"2304","USA.44.192_1",12
"2305","USA.44.193_1",29
"2306","USA.44.194_1",81
"2307","USA.44.195_1",9
"2308","USA.44.196_1",52
"2309","USA.44.197_1",2
"2310","USA.44.198_1",183
"2311","USA.44.199_1",96
"2312","USA.44.200_1",46
"2313","USA.44.201_1",221
"2314","USA.44.202_1",34
"2315","USA.44.203_1",70
"2316","USA.44.204_1",133
"2317","USA.44.205_1",75
"2318","USA.44.206_1",80
"2319","USA.44.207_1",32
"2320","USA.44.208_1",54
"2321","USA.44.209_1",23
"2322","USA.44.210_1",202
"2323","USA.44.211_1",4
"2324","USA.44.212_1",491
"2325","USA.44.213_1",54
"2326","USA.44.214_1",141
"2327","USA.44.215_1",47
"2328","USA.44.216_1",1
"2329","USA.44.217_1",16
"2330","USA.44.218_1",19
"2331","USA.44.219_1",15
"2332","USA.44.220_1",219
"2333","USA.44.221_1",210
"2334","USA.44.222_1",5
"2335","USA.44.223_1",17
"2336","USA.44.224_1",8
"2337","USA.44.225_1",134
"2338","USA.44.226_1",211
"2339","USA.44.227_1",167
"2340","USA.44.228_1",51
"2341","USA.44.229_1",174
"2342","USA.44.230_1",282
"2343","USA.44.231_1",12
"2344","USA.44.232_1",61
"2345","USA.44.233_1",44
"2346","USA.44.234_1",521
"2347","USA.44.235_1",182
"2348","USA.44.236_1",217
"2349","USA.44.237_1",265
"2350","USA.44.238_1",1
"2351","USA.44.239_1",195
"2352","USA.44.240_1",55
"2353","USA.44.241_1",93
"2354","USA.44.242_1",20
"2355","USA.44.243_1",106
"2356","USA.44.244_1",28
"2357","USA.44.245_1",42
"2358","USA.44.246_1",394
"2359","USA.44.247_1",348
"2360","USA.44.248_1",4
"2361","USA.44.249_1",718
"2362","USA.44.250_1",268
"2363","USA.44.251_1",10
"2364","USA.44.252_1",99
"2365","USA.44.253_1",16
"2366","USA.44.254_1",19
"2367","USA.45.1_1",37
"2368","USA.45.2_1",178
"2369","USA.45.3_1",211
"2370","USA.45.4_1",78
"2371","USA.45.5_1",5
"2372","USA.45.6_1",81
"2373","USA.45.7_1",170
"2374","USA.45.8_1",97
"2375","USA.45.9_1",43
"2376","USA.45.10_1",14
"2377","USA.45.11_1",103
"2378","USA.45.12_1",54
"2379","USA.45.13_1",23
"2380","USA.45.14_1",44
"2381","USA.45.15_1",59
"2382","USA.45.16_1",14
"2383","USA.45.17_1",20
"2384","USA.45.18_1",126
"2385","USA.45.19_1",148
"2386","USA.45.20_1",180
"2387","USA.45.21_1",109
"2388","USA.45.22_1",112
"2389","USA.45.23_1",156
"2390","USA.45.24_1",189
"2391","USA.45.25_1",493
"2392","USA.45.26_1",101
"2393","USA.45.27_1",106
"2394","USA.45.28_1",20
"2395","USA.45.29_1",215
"2396","USA.48.1_1",21
"2397","USA.48.2_1",34
"2398","USA.48.3_1",253
"2399","USA.48.4_1",44
"2400","USA.48.5_1",119
"2401","USA.48.6_1",501
"2402","USA.48.7_1",27
"2403","USA.48.8_1",67
"2404","USA.48.9_1",34
"2405","USA.48.10_1",29
"2406","USA.48.11_1",82
"2407","USA.48.12_1",10
"2408","USA.48.13_1",81
"2409","USA.48.14_1",102
"2410","USA.48.15_1",122
"2411","USA.48.16_1",30
"2412","USA.48.17_1",385
"2413","USA.48.18_1",214
"2414","USA.48.19_1",109
"2415","USA.48.20_1",119
"2416","USA.48.21_1",373
"2417","USA.48.22_1",31
"2418","USA.48.23_1",95
"2419","USA.48.24_1",148
"2420","USA.48.25_1",38
"2421","USA.48.26_1",39
"2422","USA.48.27_1",423
"2423","USA.48.28_1",68
"2424","USA.48.29_1",161
"2425","USA.48.30_1",33
"2426","USA.48.31_1",412
"2427","USA.48.32_1",501
"2428","USA.48.33_1",216
"2429","USA.48.34_1",258
"2430","USA.48.35_1",27
"2431","USA.48.36_1",100
"2432","USA.48.37_1",357
"2433","USA.48.38_1",91
"2434","USA.48.39_1",336
"2435","USA.50.1_1",64
"2436","USA.50.2_1",51
"2437","USA.50.3_1",201
"2438","USA.50.4_1",76
"2439","USA.50.5_1",143
"2440","USA.50.6_1",127
"2441","USA.50.7_1",65
"2442","USA.50.8_1",62
"2443","USA.50.9_1",214
"2444","USA.50.10_1",466
"2445","USA.50.11_1",183
"2446","USA.50.12_1",100
"2447","USA.50.13_1",355
"2448","USA.50.14_1",206
"2449","USA.50.15_1",92
"2450","USA.50.16_1",42
"2451","USA.50.17_1",167
"2452","USA.50.18_1",165
"2453","USA.50.19_1",21
"2454","USA.50.20_1",104
"2455","USA.50.21_1",15
"2456","USA.50.22_1",249
"2457","USA.50.23_1",265
"2458","USA.50.24_1",104
"2459","USA.50.25_1",167
"2460","USA.50.26_1",18
"2461","USA.50.27_1",101
"2462","USA.50.28_1",151
"2463","USA.50.29_1",101
"2464","USA.50.30_1",79
"2465","USA.50.31_1",64
"2466","USA.50.32_1",92
"2467","USA.50.33_1",136
"2468","USA.50.34_1",0
"2469","USA.50.35_1",0
"2470","USA.50.36_1",52
"2471","USA.50.37_1",83
"2472","USA.50.38_1",141
"2473","USA.50.39_1",341
"2474","USA.50.40_1",89
"2475","USA.50.41_1",104
"2476","USA.50.42_1",0
"2477","USA.50.43_1",16
"2478","USA.50.44_1",245
"2479","USA.50.45_1",148
"2480","USA.50.46_1",39
"2481","USA.50.47_1",122
"2482","USA.50.48_1",42
"2483","USA.50.49_1",51
"2484","USA.50.50_1",195
"2485","USA.50.51_1",189
"2486","USA.50.52_1",198
"2487","USA.50.53_1",50
"2488","USA.50.54_1",125
"2489","USA.50.55_1",119
"2490","USA.50.56_1",190
"2491","USA.50.57_1",86
"2492","USA.50.58_1",164
"2493","USA.50.59_1",225
"2494","USA.50.60_1",42
"2495","USA.50.61_1",134
"2496","USA.50.62_1",134
"2497","USA.50.63_1",155
"2498","USA.50.64_1",167
"2499","USA.50.65_1",347
"2500","USA.50.66_1",8
"2501","USA.50.67_1",182
"2502","USA.50.68_1",75
"2503","USA.50.69_1",121
"2504","USA.50.70_1",113
"2505","USA.50.71_1",184
"2506","USA.50.72_1",101
"2507","USA.50.73_1",111
"2508","USA.50.74_1",205
"2509","USA.51.1_1",72
"2510","USA.51.2_1",17
"2511","USA.51.3_1",96
"2512","USA.51.4_1",22
"2513","USA.51.5_1",45
"2514","USA.51.6_1",47
"2515","USA.51.7_1",126
"2516","USA.51.8_1",67
"2517","USA.51.9_1",0
"2518","USA.51.10_1",48
"2519","USA.51.11_1",128
"2520","USA.51.12_1",62
"2521","USA.51.13_1",91
"2522","USA.51.14_1",15
"2523","USA.51.15_1",116
"2524","USA.51.16_1",66
"2525","USA.51.17_1",86
"2526","USA.51.18_1",31
"2527","USA.51.19_1",15
"2528","USA.51.20_1",9
"2529","USA.51.21_1",58
"2530","USA.51.22_1",33
"2531","USA.51.23_1",51
"2532","USA.1.1_1",44
"2533","USA.1.2_1",150
"2534","USA.1.3_1",89
"2535","USA.1.4_1",43
"2536","USA.1.5_1",223
"2537","USA.1.6_1",14
"2538","USA.1.7_1",92
"2539","USA.1.8_1",123
"2540","USA.1.9_1",68
"2541","USA.1.10_1",127
"2542","USA.1.11_1",97
"2543","USA.1.12_1",19
"2544","USA.1.13_1",51
"2545","USA.1.14_1",108
"2546","USA.1.15_1",65
"2547","USA.1.16_1",116
"2548","USA.1.17_1",60
"2549","USA.1.18_1",34
"2550","USA.1.19_1",16
"2551","USA.1.20_1",125
"2552","USA.1.21_1",80
"2553","USA.1.22_1",343
"2554","USA.1.23_1",103
"2555","USA.1.24_1",19
"2556","USA.1.25_1",0
"2557","USA.1.26_1",64
"2558","USA.1.27_1",43
"2559","USA.1.28_1",160
"2560","USA.1.29_1",30
"2561","USA.1.30_1",139
"2562","USA.1.31_1",105
"2563","USA.1.32_1",17
"2564","USA.1.33_1",38
"2565","USA.1.34_1",46
"2566","USA.1.35_1",75
"2567","USA.1.36_1",172
"2568","USA.1.37_1",88
"2569","USA.1.38_1",31
"2570","USA.1.39_1",160
"2571","USA.1.40_1",197
"2572","USA.1.41_1",78
"2573","USA.1.42_1",138
"2574","USA.1.43_1",42
"2575","USA.1.44_1",34
"2576","USA.1.45_1",141
"2577","USA.1.46_1",37
"2578","USA.1.47_1",119
"2579","USA.1.48_1",237
"2580","USA.1.49_1",118
"2581","USA.1.50_1",26
"2582","USA.1.51_1",44
"2583","USA.1.52_1",205
"2584","USA.1.53_1",29
"2585","USA.1.54_1",86
"2586","USA.1.55_1",94
"2587","USA.1.56_1",151
"2588","USA.1.57_1",46
"2589","USA.1.58_1",0
"2590","USA.1.59_1",80
"2591","USA.1.60_1",13
"2592","USA.1.61_1",83
"2593","USA.1.62_1",55
"2594","USA.1.63_1",86
"2595","USA.1.64_1",128
"2596","USA.1.65_1",65
"2597","USA.1.66_1",22
"2598","USA.1.67_1",56
"2599","USA.2.1_1",0
"2600","USA.2.2_1",0
"2601","USA.2.3_1",100
"2602","USA.2.4_1",0
"2603","USA.2.5_1",0
"2604","USA.2.6_1",0
"2605","USA.2.7_1",0
"2606","USA.2.8_1",0
"2607","USA.2.9_1",0
"2608","USA.2.10_1",18
"2609","USA.2.11_1",0
"2610","USA.2.12_1",0
"2611","USA.2.13_1",0
"2612","USA.2.14_1",0
"2613","USA.2.15_1",0
"2614","USA.2.16_1",0
"2615","USA.2.17_1",0
"2616","USA.2.18_1",0
"2617","USA.2.19_1",0
"2618","USA.2.20_1",0
"2619","USA.2.21_1",0
"2620","USA.2.22_1",0
"2621","USA.2.23_1",0
"2622","USA.2.24_1",0
"2623","USA.2.25_1",0
"2624","USA.2.26_1",0
"2625","USA.17.1_1",27
"2626","USA.17.2_1",48
"2627","USA.17.3_1",65
"2628","USA.17.4_1",13
"2629","USA.17.5_1",13
"2630","USA.17.6_1",54
"2631","USA.17.7_1",36
"2632","USA.17.8_1",232
"2633","USA.17.9_1",4
"2634","USA.17.10_1",38
"2635","USA.17.11_1",74
"2636","USA.17.12_1",15
"2637","USA.17.13_1",8
"2638","USA.17.14_1",33
"2639","USA.17.15_1",16
"2640","USA.17.16_1",63
"2641","USA.17.17_1",3
"2642","USA.17.18_1",82
"2643","USA.17.19_1",93
"2644","USA.17.20_1",10
"2645","USA.17.21_1",56
"2646","USA.17.22_1",20
"2647","USA.17.23_1",179
"2648","USA.17.24_1",3
"2649","USA.17.25_1",24
"2650","USA.17.26_1",44
"2651","USA.17.27_1",19
"2652","USA.17.28_1",27
"2653","USA.17.29_1",23
"2654","USA.17.30_1",133
"2655","USA.17.31_1",25
"2656","USA.17.32_1",11
"2657","USA.17.33_1",19
"2658","USA.17.34_1",4
"2659","USA.17.35_1",21
"2660","USA.17.36_1",0
"2661","USA.17.37_1",45
"2662","USA.17.38_1",4
"2663","USA.17.39_1",21
"2664","USA.17.40_1",71
"2665","USA.17.41_1",6
"2666","USA.17.42_1",13
"2667","USA.17.43_1",68
"2668","USA.17.44_1",118
"2669","USA.17.45_1",18
"2670","USA.17.46_1",116
"2671","USA.17.47_1",20
"2672","USA.17.48_1",48
"2673","USA.17.49_1",14
"2674","USA.17.50_1",100
"2675","USA.17.51_1",3
"2676","USA.17.52_1",192
"2677","USA.17.53_1",17
"2678","USA.17.54_1",71
"2679","USA.17.55_1",23
"2680","USA.17.56_1",74
"2681","USA.17.57_1",56
"2682","USA.17.58_1",28
"2683","USA.17.59_1",78
"2684","USA.17.60_1",25
"2685","USA.17.61_1",239
"2686","USA.17.62_1",23
"2687","USA.17.63_1",97
"2688","USA.17.64_1",37
"2689","USA.17.65_1",16
"2690","USA.17.66_1",47
"2691","USA.17.67_1",67
"2692","USA.17.68_1",8
"2693","USA.17.69_1",19
"2694","USA.17.70_1",106
"2695","USA.17.71_1",9
"2696","USA.17.72_1",38
"2697","USA.17.73_1",8
"2698","USA.17.74_1",36
"2699","USA.17.75_1",84
"2700","USA.17.76_1",20
"2701","USA.17.77_1",9
"2702","USA.17.78_1",155
"2703","USA.17.79_1",11
"2704","USA.17.80_1",29
"2705","USA.17.81_1",55
"2706","USA.17.82_1",9
"2707","USA.17.83_1",14
"2708","USA.17.84_1",20
"2709","USA.17.85_1",38
"2710","USA.17.86_1",11
"2711","USA.17.87_1",129
"2712","USA.17.88_1",20
"2713","USA.17.89_1",104
"2714","USA.17.90_1",15
"2715","USA.17.91_1",18
"2716","USA.17.92_1",25
"2717","USA.17.93_1",16
"2718","USA.17.94_1",1
"2719","USA.17.95_1",19
"2720","USA.17.96_1",104
"2721","USA.17.97_1",38
"2722","USA.17.98_1",7
"2723","USA.17.99_1",57
"2724","USA.17.100_1",6
"2725","USA.17.101_1",24
"2726","USA.17.102_1",5
"2727","USA.17.103_1",25
"2728","USA.17.104_1",21
"2729","USA.17.105_1",26
"2730","USA.18.1_1",176
"2731","USA.18.2_1",157
"2732","USA.18.3_1",165
"2733","USA.18.4_1",42
"2734","USA.18.5_1",169
"2735","USA.18.6_1",80
"2736","USA.18.7_1",14
"2737","USA.18.8_1",112
"2738","USA.18.9_1",120
"2739","USA.18.10_1",45
"2740","USA.18.11_1",63
"2741","USA.18.12_1",66
"2742","USA.18.13_1",26
"2743","USA.18.14_1",137
"2744","USA.18.15_1",110
"2745","USA.18.16_1",83
"2746","USA.18.17_1",44
"2747","USA.18.18_1",62
"2748","USA.18.19_1",93
"2749","USA.18.20_1",32
"2750","USA.18.21_1",20
"2751","USA.18.22_1",117
"2752","USA.18.23_1",114
"2753","USA.18.24_1",131
"2754","USA.18.25_1",100
"2755","USA.18.26_1",34
"2756","USA.18.27_1",37
"2757","USA.18.28_1",59
"2758","USA.18.29_1",71
"2759","USA.18.30_1",99
"2760","USA.18.31_1",98
"2761","USA.18.32_1",57
"2762","USA.18.33_1",43
"2763","USA.18.34_1",85
"2764","USA.18.35_1",79
"2765","USA.18.36_1",10
"2766","USA.18.37_1",90
"2767","USA.18.38_1",12
"2768","USA.18.39_1",37
"2769","USA.18.40_1",62
"2770","USA.18.41_1",106
"2771","USA.18.42_1",153
"2772","USA.18.43_1",183
"2773","USA.18.44_1",95
"2774","USA.18.45_1",77
"2775","USA.18.46_1",63
"2776","USA.18.47_1",193
"2777","USA.18.48_1",12
"2778","USA.18.49_1",148
"2779","USA.18.50_1",220
"2780","USA.18.51_1",28
"2781","USA.18.52_1",88
"2782","USA.18.53_1",36
"2783","USA.18.54_1",102
"2784","USA.18.55_1",69
"2785","USA.18.56_1",52
"2786","USA.18.57_1",96
"2787","USA.18.58_1",67
"2788","USA.18.59_1",67
"2789","USA.18.60_1",10
"2790","USA.18.61_1",56
"2791","USA.18.62_1",116
"2792","USA.18.63_1",156
"2793","USA.18.64_1",57
"2794","USA.18.65_1",33
"2795","USA.18.66_1",13
"2796","USA.18.67_1",30
"2797","USA.18.68_1",63
"2798","USA.18.69_1",124
"2799","USA.18.70_1",43
"2800","USA.18.71_1",99
"2801","USA.18.72_1",25
"2802","USA.18.73_1",207
"2803","USA.18.74_1",38
"2804","USA.18.75_1",62
"2805","USA.18.76_1",86
"2806","USA.18.77_1",11
"2807","USA.18.78_1",40
"2808","USA.18.79_1",36
"2809","USA.18.80_1",29
"2810","USA.18.81_1",65
"2811","USA.18.82_1",102
"2812","USA.18.83_1",23
"2813","USA.18.84_1",141
"2814","USA.18.85_1",86
"2815","USA.18.86_1",54
"2816","USA.18.87_1",63
"2817","USA.18.88_1",64
"2818","USA.18.89_1",48
"2819","USA.18.90_1",213
"2820","USA.18.91_1",58
"2821","USA.18.92_1",101
"2822","USA.18.93_1",85
"2823","USA.18.94_1",105
"2824","USA.18.95_1",8
"2825","USA.18.96_1",131
"2826","USA.18.97_1",13
"2827","USA.18.98_1",16
"2828","USA.18.99_1",28
"2829","USA.18.100_1",191
"2830","USA.18.101_1",16
"2831","USA.18.102_1",75
"2832","USA.18.103_1",47
"2833","USA.18.104_1",57
"2834","USA.18.105_1",92
"2835","USA.18.106_1",198
"2836","USA.18.107_1",60
"2837","USA.18.108_1",79
"2838","USA.18.109_1",89
"2839","USA.18.110_1",80
"2840","USA.18.111_1",70
"2841","USA.18.112_1",53
"2842","USA.18.113_1",15
"2843","USA.18.114_1",177
"2844","USA.18.115_1",108
"2845","USA.18.116_1",74
"2846","USA.18.117_1",52
"2847","USA.18.118_1",104
"2848","USA.18.119_1",37
"2849","USA.18.120_1",54
"2850","USA.20.1_1",104
"2851","USA.20.2_1",133
"2852","USA.20.3_1",138
"2853","USA.20.4_1",80
"2854","USA.20.5_1",109
"2855","USA.20.6_1",134
"2856","USA.20.7_1",80
"2857","USA.20.8_1",87
"2858","USA.20.9_1",150
"2859","USA.20.10_1",164
"2860","USA.20.11_1",42
"2861","USA.20.12_1",60
"2862","USA.20.13_1",123
"2863","USA.20.14_1",110
"2864","USA.20.15_1",62
"2865","USA.20.16_1",220
"2866","USA.22.1_1",56
"2867","USA.22.2_1",129
"2868","USA.22.3_1",115
"2869","USA.22.4_1",20
"2870","USA.22.5_1",123
"2871","USA.22.6_1",194
"2872","USA.22.7_1",134
"2873","USA.22.8_1",190
"2874","USA.22.9_1",137
"2875","USA.22.10_1",10
"2876","USA.22.11_1",80
"2877","USA.22.12_1",144
"2878","USA.22.13_1",6
"2879","USA.22.14_1",439
"2880","USA.30.1_1",55
"2881","USA.30.2_1",69
"2882","USA.30.3_1",117
"2883","USA.30.4_1",78
"2884","USA.30.5_1",131
"2885","USA.30.6_1",163
"2886","USA.30.7_1",215
"2887","USA.30.8_1",177
"2888","USA.30.9_1",103
"2889","USA.30.10_1",101
"2890","USA.40.1_1",4
"2891","USA.40.2_1",49
"2892","USA.40.3_1",65
"2893","USA.40.4_1",105
"2894","USA.40.5_1",66
"2895","USA.41.1_1",132
"2896","USA.41.2_1",249
"2897","USA.41.3_1",1
"2898","USA.41.4_1",260
"2899","USA.41.5_1",35
"2900","USA.41.6_1",37
"2901","USA.41.7_1",16
"2902","USA.41.8_1",60
"2903","USA.41.9_1",41
"2904","USA.41.10_1",49
"2905","USA.41.11_1",77
"2906","USA.41.12_1",103
"2907","USA.41.13_1",74
"2908","USA.41.14_1",47
"2909","USA.41.15_1",115
"2910","USA.41.16_1",46
"2911","USA.41.17_1",15
"2912","USA.41.18_1",69
"2913","USA.41.19_1",90
"2914","USA.41.20_1",66
"2915","USA.41.21_1",63
"2916","USA.41.22_1",29
"2917","USA.41.23_1",202
"2918","USA.41.24_1",106
"2919","USA.41.25_1",35
"2920","USA.41.26_1",100
"2921","USA.41.27_1",21
"2922","USA.41.28_1",139
"2923","USA.41.29_1",106
"2924","USA.41.30_1",139
"2925","USA.41.31_1",73
"2926","USA.41.32_1",226
"2927","USA.41.33_1",17
"2928","USA.41.34_1",29
"2929","USA.41.35_1",23
"2930","USA.41.36_1",141
"2931","USA.41.37_1",182
"2932","USA.41.38_1",119
"2933","USA.41.39_1",195
"2934","USA.41.40_1",70
"2935","USA.41.41_1",104
"2936","USA.41.42_1",301
"2937","USA.41.43_1",52
"2938","USA.41.44_1",66
"2939","USA.41.45_1",51
"2940","USA.41.46_1",183
"2941","USA.46.1_1",142
"2942","USA.46.2_1",63
"2943","USA.46.3_1",111
"2944","USA.46.4_1",100
"2945","USA.46.5_1",24
"2946","USA.46.6_1",101
"2947","USA.46.7_1",0
"2948","USA.46.8_1",57
"2949","USA.46.9_1",118
"2950","USA.46.10_1",119
"2951","USA.46.11_1",157
"2952","USA.46.12_1",123
"2953","USA.46.13_1",123
"2954","USA.46.14_1",198
"2955","USA.47.1_1",74
"2956","USA.47.2_1",169
"2957","USA.47.3_1",0
"2958","USA.47.4_1",30
"2959","USA.47.5_1",47
"2960","USA.47.6_1",65
"2961","USA.47.7_1",68
"2962","USA.47.8_1",0
"2963","USA.47.9_1",310
"2964","USA.47.10_1",6
"2965","USA.47.11_1",221
"2966","USA.47.12_1",0
"2967","USA.47.13_1",43
"2968","USA.47.14_1",81
"2969","USA.47.15_1",0
"2970","USA.47.16_1",32
"2971","USA.47.17_1",15
"2972","USA.47.18_1",92
"2973","USA.47.19_1",0
"2974","USA.47.20_1",83
"2975","USA.47.21_1",46
"2976","USA.47.22_1",76
"2977","USA.47.23_1",0
"2978","USA.47.24_1",37
"2979","USA.47.25_1",0
"2980","USA.47.26_1",0
"2981","USA.47.27_1",41
"2982","USA.47.28_1",93
"2983","USA.47.29_1",0
"2984","USA.47.30_1",0
"2985","USA.47.31_1",0
"2986","USA.47.32_1",39
"2987","USA.47.33_1",104
"2988","USA.47.34_1",56
"2989","USA.47.35_1",0
"2990","USA.47.36_1",27
"2991","USA.47.37_1",53
"2992","USA.47.38_1",0
"2993","USA.47.39_1",15
"2994","USA.47.40_1",22
"2995","USA.47.41_1",0
"2996","USA.47.42_1",0
"2997","USA.47.43_1",261
"2998","USA.47.44_1",80
"2999","USA.47.45_1",69
"3000","USA.47.46_1",133
"3001","USA.47.47_1",143
"3002","USA.47.48_1",0
"3003","USA.47.49_1",0
"3004","USA.47.50_1",49
"3005","USA.47.51_1",33
"3006","USA.47.52_1",59
"3007","USA.47.53_1",76
"3008","USA.47.54_1",39
"3009","USA.47.55_1",4
"3010","USA.47.56_1",92
"3011","USA.47.57_1",0
"3012","USA.47.58_1",110
"3013","USA.47.59_1",0
"3014","USA.47.60_1",23
"3015","USA.47.61_1",51
"3016","USA.47.62_1",35
"3017","USA.47.63_1",0
"3018","USA.47.64_1",0
"3019","USA.47.65_1",0
"3020","USA.47.66_1",0
"3021","USA.47.67_1",0
"3022","USA.47.68_1",0
"3023","USA.47.69_1",10
"3024","USA.47.70_1",64
"3025","USA.47.71_1",0
"3026","USA.47.72_1",314
"3027","USA.47.73_1",110
"3028","USA.47.74_1",46
"3029","USA.47.75_1",0
"3030","USA.47.76_1",74
"3031","USA.47.77_1",0
"3032","USA.47.78_1",0
"3033","USA.47.79_1",0
"3034","USA.47.80_1",32
"3035","USA.47.81_1",53
"3036","USA.47.82_1",13
"3037","USA.47.83_1",102
"3038","USA.47.84_1",47
"3039","USA.47.85_1",0
"3040","USA.47.86_1",0
"3041","USA.47.87_1",0
"3042","USA.47.88_1",2
"3043","USA.47.89_1",12
"3044","USA.47.90_1",0
"3045","USA.47.91_1",59
"3046","USA.47.92_1",87
"3047","USA.47.93_1",115
"3048","USA.47.94_1",57
"3049","USA.47.95_1",0
"3050","USA.47.96_1",128
"3051","USA.47.97_1",0
"3052","USA.47.98_1",0
"3053","USA.47.99_1",54
"3054","USA.47.100_1",0
"3055","USA.47.101_1",0
"3056","USA.47.102_1",0
"3057","USA.47.103_1",57
"3058","USA.47.104_1",0
"3059","USA.47.105_1",88
"3060","USA.47.106_1",15
"3061","USA.47.107_1",50
"3062","USA.47.108_1",0
"3063","USA.47.109_1",99
"3064","USA.47.110_1",543
"3065","USA.47.111_1",87
"3066","USA.47.112_1",0
"3067","USA.47.113_1",122
"3068","USA.47.114_1",192
"3069","USA.47.115_1",57
"3070","USA.47.116_1",22
"3071","USA.47.117_1",53
"3072","USA.47.118_1",68
"3073","USA.47.119_1",0
"3074","USA.47.120_1",35
"3075","USA.47.121_1",20
"3076","USA.47.122_1",14
"3077","USA.47.123_1",81
"3078","USA.47.124_1",0
"3079","USA.47.125_1",63
"3080","USA.47.126_1",160
"3081","USA.47.127_1",0
"3082","USA.47.128_1",18
"3083","USA.47.129_1",0
"3084","USA.47.130_1",0
"3085","USA.47.131_1",24
"3086","USA.47.132_1",93
"3087","USA.47.133_1",23
"3088","USA.49.1_1",130
"3089","USA.49.2_1",195
"3090","USA.49.3_1",16
"3091","USA.49.4_1",99
"3092","USA.49.5_1",18
"3093","USA.49.6_1",86
"3094","USA.49.7_1",48
"3095","USA.49.8_1",40
"3096","USA.49.9_1",102
"3097","USA.49.10_1",69
"3098","USA.49.11_1",64
"3099","USA.49.12_1",86
"3100","USA.49.13_1",118
"3101","USA.49.14_1",183
"3102","USA.49.15_1",24
"3103","USA.49.16_1",181
"3104","USA.49.17_1",185
"3105","USA.49.18_1",177
"3106","USA.49.19_1",139
"3107","USA.49.20_1",73
"3108","USA.49.21_1",94
"3109","USA.49.22_1",33
"3110","USA.49.23_1",3
"3111","USA.49.24_1",154
"3112","USA.49.25_1",97
"3113","USA.49.26_1",172
"3114","USA.49.27_1",5
"3115","USA.49.28_1",52
"3116","USA.49.29_1",118
"3117","USA.49.30_1",0
"3118","USA.49.31_1",138
"3119","USA.49.32_1",157
"3120","USA.49.33_1",84
"3121","USA.49.34_1",102
"3122","USA.49.35_1",32
"3123","USA.49.36_1",99
"3124","USA.49.37_1",71
"3125","USA.49.38_1",89
"3126","USA.49.39_1",211
"3127","USA.49.40_1",158
"3128","USA.49.41_1",71
"3129","USA.49.42_1",68
"3130","USA.49.43_1",85
"3131","USA.49.44_1",100
"3132","USA.49.45_1",103
"3133","USA.49.46_1",70
"3134","USA.49.47_1",29
"3135","USA.49.48_1",50
"3136","USA.49.49_1",101
"3137","USA.49.50_1",57
"3138","USA.49.51_1",11
"3139","USA.49.52_1",68
"3140","USA.49.53_1",51
"3141","USA.49.54_1",148
"3142","USA.49.55_1",12
