Item,Indiana,Adams,Allen,Bartholomew,Benton,Blackford,Boone,Brown,Carroll,Cass,Clark,Clay,Clinton,Crawford,Daviess,Dearborn,Decatur,DeKalb,Delaware,Dubois,Elkhart,Fayette,Floyd,Fountain,Franklin,Fulton,Gibson,Grant,Greene,Hamilton,Hancock,Harrison,Hendricks,Henry,Howard,Huntington,Jackson,Jasper,Jay,Jefferson,Jennings,Johnson,Knox,Kosciusko,LaGrange,Lake,LaPorte,Lawrence,Madison,Marion,Marshall,Martin,Miami,Monroe,Montgomery,Morgan,Newton,Noble,Ohio,Orange,Owen,Parke,Perry,Pike,Porter,Posey,Pulaski,Putnam,Randolph,Ripley,Rush,St. Joseph,Scott,Shelby,Spencer,Starke,Steuben,Sullivan,Switzerland,Tippecanoe,Tipton,Union,Vanderburgh,Vermillion,Vigo,Wabash,Warren,Warrick,Washington,Wayne,Wells,White,Whitley
INVENTORY,,,,,,,,,,,,,,,,,,,,,,,,,,,,,,,,,,,,,,,,,,,,,,,,,,,,,,,,,,,,,,,,,,,,,,,,,,,,,,,,,,,,,,,,,,,,,
"Any poultry                                                                            farms, 2022","7,046",294,185,42,14,21,37,50,50,53,78,58,34,36,277,57,34,88,77,89,544,23,38,20,51,69,28,29,100,80,55,115,98,62,50,46,44,44,98,93,45,72,27,163,765,55,75,104,63,35,121,32,56,73,79,73,15,197,10,53,67,103,39,12,79,23,24,75,51,88,27,77,44,51,56,21,46,23,44,88,37,18,24,19,45,51,41,43,133,109,33,30,51
2017,"6,752",258,147,61,23,9,67,38,65,75,80,26,56,36,270,87,39,63,58,88,418,30,22,26,69,53,24,60,118,65,64,119,112,47,34,35,64,38,97,119,68,100,37,114,594,38,52,96,52,43,94,37,43,83,47,71,14,146,13,64,124,87,48,18,61,31,22,113,54,116,43,64,41,56,45,34,25,36,70,83,24,7,24,26,36,50,33,49,131,94,36,31,74
"Layers                                                                                farms, 2022","6,009",240,172,41,14,21,36,50,48,51,76,58,31,35,206,57,28,84,73,34,404,21,36,17,51,64,26,28,69,68,54,100,98,56,44,41,43,43,57,93,42,62,18,138,576,46,75,102,58,35,106,13,56,68,74,68,12,167,10,39,67,94,35,4,72,23,22,72,34,80,27,70,42,48,41,20,42,17,44,78,33,18,22,18,45,41,40,40,93,87,29,30,48
2017,"5,858",219,139,61,23,6,60,38,61,74,70,25,55,34,208,80,35,62,55,34,311,28,18,23,66,44,22,59,101,57,63,107,102,45,34,28,63,34,58,115,55,93,25,88,484,36,46,88,49,39,83,14,43,80,44,69,10,123,12,56,120,85,39,12,56,30,21,110,45,101,36,62,36,56,39,34,25,31,69,69,23,7,21,21,36,44,31,42,87,87,28,31,70
"number, 2022","35,924,482",(D),"63,498","1,029",225,437,"1,044","1,674","36,905",944,"1,863","1,142",(D),758,"3,823",769,483,"1,857","2,533",(D),"876,309",311,"1,617",304,"1,215",(D),"1,623",921,"1,415","1,692","3,169","2,456","3,392","2,324",792,"647,493",(D),872,"9,755,139","1,908",(D),"1,406",412,(D),"1,812,022","1,452","1,779","2,329","1,911","1,842","71,894",234,"2,204","1,184","2,320","1,618",(D),"119,480",166,(D),"1,478","59,981",667,72,"1,540",400,(D),"2,099",(D),"2,254",858,"2,623",862,"2,391","1,408",306,640,293,"1,942","1,944",(D),201,374,269,925,(D),"1,033",981,"162,368","8,069",(D),434,721
2017,"26,354,377",(D),"119,720","1,071",719,119,"1,815","1,011",(D),"1,492","1,691",671,(D),561,"5,977","1,086",698,"1,262","1,026",(D),"460,792",355,743,637,"2,092",(D),365,"22,847","4,928","2,009","2,212","3,357","4,517","2,413","2,581","657,226",(D),619,"5,879,710","2,080",(D),"1,626",840,(D),"901,594",824,"1,127","2,033","1,345","1,011","54,440",125,"1,659","1,488","4,069","2,069",(D),"199,171",142,(D),"2,597","3,620","1,547",363,"2,088",771,(D),"2,761",748,"1,857",614,(D),666,"3,777","1,312","3,422",442,"1,349","1,782","1,617",(D),66,396,368,"1,049","1,638",714,809,"72,335","5,258",(D),(D),"2,066"
2022 farms by inventory:,,,,,,,,,,,,,,,,,,,,,,,,,,,,,,,,,,,,,,,,,,,,,,,,,,,,,,,,,,,,,,,,,,,,,,,,,,,,,,,,,,,,,,,,,,,,,
1 to 49...................................................................................,"5,135",205,159,32,14,20,33,41,42,47,66,56,23,33,196,56,27,82,56,23,290,21,27,16,44,56,19,25,64,57,39,92,85,51,41,28,41,41,38,86,27,54,18,117,428,38,68,85,52,27,90,12,48,64,67,59,11,146,10,33,63,69,32,4,64,22,21,59,25,75,24,60,40,39,33,19,40,15,40,71,32,18,21,18,42,34,36,34,81,81,21,29,47
50 to 99.................................................................................,402,26,7,9,-,-,2,2,4,4,8,-,1,1,7,-,1,1,15,2,38,-,3,1,6,3,-,-,3,9,3,3,7,2,3,2,1,2,4,5,12,7,-,10,27,2,6,15,3,5,5,1,1,4,5,3,-,10,-,5,2,11,2,-,5,1,-,11,2,4,-,8,2,5,6,1,2,2,2,5,-,-,1,-,2,2,4,6,2,3,3,1,1
100 to 399.............................................................................,203,6,3,-,-,1,1,7,-,-,2,2,3,1,3,1,-,-,2,5,12,-,6,-,1,3,6,3,2,2,10,5,4,2,-,1,-,-,3,2,2,1,-,6,19,6,1,2,3,-,8,-,7,-,1,6,-,6,-,-,2,7,1,-,3,-,-,2,2,-,3,-,-,1,2,-,-,-,-,2,-,-,-,-,1,3,-,-,5,-,2,-,-
"400 to 3,199..........................................................................",83,-,-,-,-,-,-,-,-,-,-,-,3,-,-,-,-,1,-,2,35,-,-,-,-,-,1,-,-,-,2,-,2,1,-,-,-,-,-,-,-,-,-,-,16,-,-,-,-,3,-,-,-,-,1,-,-,-,-,-,-,-,-,-,-,-,-,-,4,1,-,2,-,3,-,-,-,-,2,-,-,-,-,-,-,-,-,-,-,3,1,-,-
"3,200 to 9,999.......................................................................",12,-,-,-,-,-,-,-,-,-,-,-,-,-,-,-,-,-,-,-,3,-,-,-,-,-,-,-,-,-,-,-,-,-,-,1,-,-,-,-,-,-,-,-,-,-,-,-,-,-,-,-,-,-,-,-,-,-,-,-,-,7,-,-,-,-,-,-,-,-,-,-,-,-,-,-,-,-,-,-,-,-,-,-,-,-,-,-,1,-,-,-,-
"10,000 to 19,999...................................................................",35,-,-,-,-,-,-,-,2,-,-,-,-,-,-,-,-,-,-,-,3,-,-,-,-,-,-,-,-,-,-,-,-,-,-,1,-,-,1,-,-,-,-,-,24,-,-,-,-,-,1,-,-,-,-,-,-,1,-,-,-,-,-,-,-,-,-,-,-,-,-,-,-,-,-,-,-,-,-,-,-,-,-,-,-,-,-,-,2,-,-,-,-
"20,000 to 49,999...................................................................",109,1,3,-,-,-,-,-,-,-,-,-,-,-,-,-,-,-,-,-,19,-,-,-,-,2,-,-,-,-,-,-,-,-,-,6,-,-,4,-,-,-,-,4,62,-,-,-,-,-,2,-,-,-,-,-,-,4,-,-,-,-,-,-,-,-,-,-,-,-,-,-,-,-,-,-,-,-,-,-,-,-,-,-,-,1,-,-,1,-,-,-,-
"50,000 to 99,999...................................................................",7,-,-,-,-,-,-,-,-,-,-,-,-,-,-,-,-,-,-,-,4,-,-,-,-,-,-,-,-,-,-,-,-,-,-,1,-,-,1,-,-,-,-,-,-,-,-,-,-,-,-,-,-,-,-,-,-,-,-,-,-,-,-,-,-,-,-,-,1,-,-,-,-,-,-,-,-,-,-,-,-,-,-,-,-,-,-,-,-,-,-,-,-
"100,000 or more....................................................................",23,2,-,-,-,-,-,-,-,-,-,-,1,-,-,-,-,-,-,2,-,-,-,-,-,-,-,-,-,-,-,-,-,-,-,1,1,-,6,-,1,-,-,1,-,-,-,-,-,-,-,-,-,-,-,-,1,-,-,1,-,-,-,-,-,-,1,-,-,-,-,-,-,-,-,-,-,-,-,-,1,-,-,-,-,1,-,-,1,-,2,-,-
"Pullets for laying flock replacement                              farms, 2022",821,18,16,1,1,1,8,4,4,3,18,8,7,7,10,3,2,14,10,11,64,1,8,-,16,3,4,3,13,10,5,20,22,2,4,3,4,10,13,16,21,6,-,14,81,10,6,15,12,7,13,-,-,11,12,15,-,36,1,10,12,18,5,-,10,8,2,3,5,13,5,14,3,2,2,-,1,3,3,5,5,4,4,4,8,8,1,6,8,2,4,7,9
2017,740,13,3,6,10,2,16,14,12,8,17,2,4,4,18,10,3,4,-,9,56,4,2,2,8,2,-,12,13,7,5,18,11,6,1,1,9,9,13,4,5,2,12,10,65,5,2,12,5,6,12,-,-,14,3,19,-,25,-,2,18,5,6,2,8,-,4,20,4,17,3,9,8,14,4,1,1,1,9,15,1,-,1,2,3,5,7,6,11,7,6,2,3
"number, 2022","10,859,772","179,313",(D),(D),(D),(D),123,234,135,21,345,73,165,70,385,48,(D),262,151,"1,281,280","495,420",(D),88,-,218,75,(D),18,404,124,290,325,652,(D),64,(D),(D),(D),(D),161,405,95,-,(D),"673,799",102,98,499,444,86,"200,345",-,-,191,168,262,-,"80,341",(D),(D),114,329,98,-,"2,465",58,(D),48,"120,020",244,40,739,60,(D),(D),-,(D),32,48,480,73,20,40,38,374,(D),(D),68,146,(D),(D),120,91
2017,"11,872,429",(D),15,77,195,(D),336,226,123,32,505,(D),20,59,"1,583",146,32,94,-,"1,166,147","607,977",92,(D),(D),117,(D),-,(D),119,308,50,(D),730,44,(D),(D),(D),180,"1,625,432",89,43,(D),208,"2,010,858","247,813",245,(D),125,200,147,280,-,-,521,96,346,-,"90,710",-,(D),235,(D),79,(D),"1,230",-,(D),192,44,317,36,227,60,"1,058",136,(D),(D),(D),"1,022",671,(D),-,(D),(D),325,"221,434",315,90,238,166,"206,090",(D),62
"Broilers and other meat-type chickens                         farms, 2022","1,063",26,42,9,-,-,4,8,12,4,12,3,5,6,67,10,2,8,12,5,106,4,13,3,7,17,7,6,27,1,14,14,11,15,5,6,1,3,11,16,9,2,3,26,161,2,4,5,4,3,33,-,-,12,13,5,-,51,-,9,11,15,4,-,10,-,3,3,2,9,-,11,-,4,2,4,2,-,5,8,6,6,7,6,1,2,2,3,28,29,9,1,6
2017,916,22,19,3,8,-,8,2,6,12,8,2,2,6,12,10,8,11,9,1,73,6,-,2,7,5,-,3,10,2,10,8,11,3,9,13,6,11,3,10,17,7,9,18,148,1,5,6,9,10,20,-,4,15,2,12,3,22,3,15,19,14,5,-,9,4,4,20,17,16,3,11,9,3,3,1,-,4,4,8,1,-,1,3,6,1,9,3,35,23,5,1,7
"number, 2022","8,174,313","1,193",(D),"2,308",-,-,64,170,510,112,(D),45,26,24,"5,099",648,(D),564,338,"1,423","1,625,423",42,784,3,123,"1,551","1,140",168,"2,786",(D),"31,657","590,940",480,536,103,120,(D),64,(D),396,241,(D),52,"592,439","2,119,776",(D),160,126,34,6,"314,994",-,-,620,610,194,-,"368,709",-,(D),156,620,111,-,191,-,150,78,(D),338,-,820,-,390,(D),112,(D),-,175,52,600,112,(D),121,(D),(D),(D),(D),"2,086,538","5,640","1,410",(D),(D)
2017,"6,795,856","19,308","70,355",105,470,-,"1,400",(D),229,204,(D),(D),(D),185,949,196,"1,072",234,285,(D),"1,187,161",460,-,(D),741,205,-,50,"4,900",(D),190,(D),284,106,302,338,"2,118",380,604,67,"3,250",96,300,"478,694","1,232,615",(D),100,382,149,"1,585","177,823",-,16,186,(D),155,219,"177,508",9,"296,636",221,382,46,-,254,152,274,"1,190",(D),"3,878",9,169,600,175,110,(D),-,"19,550",42,222,(D),-,(D),186,210,(D),150,53,"2,658,737","1,890",(D),(D),420
"Turkeys                                                                              farms, 2022",695,8,10,9,3,-,5,3,1,19,12,2,6,7,63,1,1,4,13,53,11,1,13,3,1,4,-,-,24,7,5,6,5,4,1,4,1,8,32,5,-,4,9,5,27,7,5,7,9,-,3,19,6,3,14,15,-,16,-,19,5,15,3,8,-,1,-,1,18,13,-,1,4,-,9,3,6,9,-,16,-,-,-,-,2,7,3,1,25,8,3,9,2
2017,758,19,7,3,9,-,4,-,3,17,5,2,4,4,62,18,3,2,10,61,17,1,-,6,9,5,2,6,19,1,6,9,7,3,2,2,3,5,22,4,7,13,12,6,23,7,13,15,10,12,3,22,-,10,4,1,-,12,1,12,22,17,8,6,4,3,2,21,7,25,-,7,2,11,6,2,-,3,3,10,2,-,-,-,4,6,2,-,18,7,6,6,3
"number, 2022","8,486,069","147,012",122,30,3,-,(D),18,(D),55,183,(D),21,(D),"1,822,545",(D),(D),16,95,"2,013,905",69,(D),66,6,(D),10,-,-,"423,354",36,"1,212",(D),22,44,(D),61,(D),58,"594,467",7,-,24,"266,228",5,"8,396",39,21,(D),39,-,(D),"582,501",22,12,"108,050",110,-,62,-,"445,130",17,137,"137,000","218,000",-,(D),-,(D),"211,064",67,-,(D),8,-,"180,706",9,424,"155,706",-,125,-,-,-,-,(D),(D),46,(D),"973,670","3,814",(D),32,(D)
2017,"7,350,556","88,528",(D),21,20,-,(D),-,24,61,20,(D),(D),(D),"1,776,873",78,15,(D),37,"1,561,085",116,(D),-,14,"1,257",(D),(D),24,"448,127",(D),21,"321,086",59,41,(D),(D),24,51,"581,404",30,25,37,"221,156",48,192,35,37,"68,054",19,54,51,"491,331",-,46,"40,206",(D),-,119,(D),"476,832",60,156,"164,005","138,000",20,(D),(D),205,"115,208",(D),-,52,(D),188,"136,843",(D),-,"58,200",12,88,(D),-,-,-,26,24,(D),-,"507,182",445,170,(D),15
"Ducks, geese, and other miscellaneous",,,,,,,,,,,,,,,,,,,,,,,,,,,,,,,,,,,,,,,,,,,,,,,,,,,,,,,,,,,,,,,,,,,,,,,,,,,,,,,,,,,,,,,,,,,,,
"poultry                                                                              farms, 2022","1,692",52,14,11,4,9,10,19,11,9,26,13,8,8,18,20,5,27,35,9,113,8,21,7,7,7,9,7,23,43,11,39,37,13,18,14,9,19,14,23,17,31,4,36,110,30,35,34,22,12,25,-,8,40,26,30,5,52,2,8,18,22,7,2,18,7,6,23,6,25,3,19,9,10,9,8,5,4,15,30,27,9,4,3,13,19,12,19,17,14,13,11,8
2017,"1,609",48,16,11,11,3,31,16,20,32,35,7,9,10,15,35,5,16,22,5,58,8,8,14,19,13,9,16,23,32,27,44,42,17,1,9,18,18,29,12,25,17,7,20,82,21,7,20,19,21,15,1,9,23,12,11,6,39,3,16,48,12,9,2,16,15,1,46,6,34,10,17,17,4,11,3,4,13,17,27,9,-,10,10,8,12,15,9,25,13,11,8,29
NUMBER SOLD,,,,,,,,,,,,,,,,,,,,,,,,,,,,,,,,,,,,,,,,,,,,,,,,,,,,,,,,,,,,,,,,,,,,,,,,,,,,,,,,,,,,,,,,,,,,,
"Any poultry sold                                                                    farms, 2022","4,402",225,84,22,5,8,27,30,32,25,37,31,26,15,138,30,14,53,50,75,433,11,38,10,35,41,17,22,60,40,33,52,66,42,18,26,27,35,74,47,32,53,24,97,572,39,43,55,35,15,69,26,22,45,52,36,5,101,6,34,47,72,15,10,47,11,9,48,40,49,17,43,19,33,34,10,15,14,24,49,24,8,19,7,23,42,27,26,86,57,21,16,25
2017,"4,337",206,88,34,14,5,58,24,20,39,40,19,40,17,146,42,23,32,28,80,300,8,11,14,55,28,20,50,75,49,36,83,73,20,21,28,40,23,78,44,43,75,35,80,433,21,28,68,29,24,56,31,21,36,40,37,6,109,4,41,64,65,38,12,47,12,9,73,27,58,23,50,24,37,20,16,13,18,19,58,22,6,12,7,18,36,24,36,108,60,29,16,52
"Layers sold                                                                        farms, 2022",859,48,15,1,-,2,8,11,4,1,9,6,9,-,33,-,2,2,10,4,100,-,1,-,8,12,4,2,4,5,3,7,7,4,1,7,3,4,12,19,5,7,-,27,134,6,2,9,2,2,20,2,2,6,15,6,1,20,-,10,7,21,3,-,12,4,3,7,4,5,9,15,5,18,7,-,1,2,11,10,15,-,4,1,4,4,4,2,13,12,8,2,2
2017,987,47,22,16,3,-,17,5,6,8,17,5,13,-,38,6,1,4,3,13,70,3,-,2,10,5,2,14,16,6,7,7,12,8,1,10,6,8,5,15,3,16,6,18,127,3,-,18,11,6,16,2,10,16,15,10,6,33,-,3,17,12,4,2,5,6,3,11,-,10,1,18,12,15,-,10,7,2,5,4,16,-,2,-,3,3,3,8,22,18,5,1,12
"number, 2022","14,201,687",(D),"40,492",(D),-,(D),125,985,214,(D),273,203,(D),-,"1,345",-,(D),(D),329,(D),"361,224",-,(D),-,133,(D),(D),(D),140,203,65,58,330,24,(D),"192,107",(D),102,(D),"2,473",276,601,-,(D),"850,458",98,(D),143,(D),(D),685,(D),(D),136,641,188,(D),(D),-,(D),70,"87,474",14,-,184,23,(D),235,"2,008",85,(D),"3,354",123,"1,020",521,-,(D),(D),143,311,(D),-,21,(D),57,(D),66,(D),"151,138","5,558",(D),(D),(D)
2017,"6,783,150",(D),"86,323",128,225,-,"1,178",112,684,138,244,120,(D),-,"3,493",848,(D),179,20,(D),"189,153",20,-,(D),275,75,(D),"20,732","3,202",142,170,255,271,"1,875",(D),"181,233",(D),650,"657,050",398,(D),164,60,(D),"581,345",65,-,737,167,680,"44,287",(D),944,348,"1,744",404,(D),"117,411",-,(D),298,"17,528",192,(D),65,152,(D),460,-,533,(D),(D),353,914,-,"3,096",117,(D),950,70,(D),-,(D),-,112,18,21,270,"67,479","1,042",(D),(D),871
"Pullets for laying flock replacement sold                      farms, 2022",191,8,2,1,-,-,2,4,-,-,6,-,-,-,5,-,-,1,-,3,33,-,6,-,-,-,1,-,-,-,-,4,3,-,-,-,2,1,9,2,-,-,-,8,38,1,-,2,-,-,5,-,-,-,1,-,-,8,-,1,3,-,1,-,2,-,-,-,3,-,-,3,-,-,-,-,-,-,-,-,2,-,-,-,5,3,1,-,3,3,4,-,1
2017,167,6,3,-,3,-,3,2,-,2,4,-,-,-,7,-,-,-,-,4,23,-,-,-,1,-,-,7,2,-,-,1,2,-,-,-,4,7,7,-,-,-,-,8,24,-,-,5,-,-,3,-,1,3,-,-,-,8,-,2,-,1,-,-,-,-,1,4,-,1,-,3,-,-,-,-,-,-,-,2,-,-,1,-,-,4,-,-,-,3,3,1,1
"number, 2022","20,405,205","169,140",(D),(D),-,-,(D),464,-,-,56,-,-,-,"1,215",-,-,(D),-,"2,570,000","1,406,153",-,"55,086",-,-,-,(D),-,-,-,-,80,210,-,-,-,(D),(D),"3,823,100",(D),-,-,-,(D),"1,702,053",(D),-,(D),-,-,"600,182",-,-,-,(D),-,-,"240,415",-,(D),45,-,(D),-,(D),-,-,-,"360,000",-,-,90,-,-,-,-,-,-,-,-,(D),-,-,-,86,(D),(D),-,36,25,(D),-,(D)
2017,"32,010,961","360,000",15,-,225,-,280,(D),-,(D),70,-,-,-,"1,177",-,-,-,-,"2,492,319","1,177,673",-,-,-,(D),-,-,(D),(D),-,-,(D),(D),-,-,-,(D),(D),"3,700,000",-,-,-,-,"5,017,180","918,988",-,-,125,-,-,310,-,(D),6,-,-,-,(D),-,(D),-,(D),-,-,-,-,(D),40,-,(D),-,105,-,-,-,-,-,-,-,(D),-,-,(D),-,-,"544,081",-,-,-,105,"401,000",(D),(D)
"Broilers and other meat-type chickens sold                farms, 2022",715,12,20,4,-,-,1,3,6,1,16,3,4,-,8,8,5,10,5,1,105,-,4,-,6,8,9,1,13,-,10,5,20,8,-,3,3,1,6,4,4,4,-,31,126,1,4,8,9,2,22,-,-,2,6,4,-,30,-,3,6,13,-,-,5,-,4,9,-,5,2,7,7,10,2,3,2,-,4,1,6,4,4,1,3,6,2,1,17,10,3,3,6
2017,744,21,14,7,2,-,19,-,-,6,10,3,7,-,2,17,5,6,2,1,87,1,-,-,4,4,-,-,8,3,4,6,15,7,7,7,3,11,5,5,5,12,6,18,102,1,-,14,4,4,7,6,1,6,11,5,-,17,-,9,6,8,8,-,14,-,2,10,5,15,3,15,10,6,2,2,-,3,2,13,4,4,1,2,3,7,6,9,31,10,3,1,12
"number, 2022","51,943,087",993,(D),(D),-,-,(D),450,868,(D),(D),45,(D),-,(D),314,701,620,135,(D),"11,241,510",-,620,-,59,265,800,(D),"2,210",-,"31,650","3,187,010","1,611",373,-,28,197,(D),(D),"3,200","4,010",533,-,"3,455,426","12,088,804",(D),162,"1,878",(D),(D),"1,774,963",-,-,(D),202,41,-,"2,145,907",-,(D),186,866,-,-,214,-,300,704,-,110,(D),460,570,"5,300",(D),105,(D),-,160,(D),600,100,(D),(D),112,598,(D),(D),"14,424,400",653,(D),(D),(D)
2017,"44,862,510","80,690","299,009","1,024",(D),-,"2,760",-,-,236,(D),(D),345,-,(D),228,931,682,(D),(D),"7,049,094",(D),-,-,675,190,-,-,"5,800",70,950,"2,428,030","3,355","65,807","8,395",175,"1,995","1,060",(D),532,"4,471",252,180,"2,881,495","7,356,936",(D),-,885,500,"1,366","1,009,050",600,(D),30,890,115,-,"1,040,707",-,"3,271,320",57,734,840,-,922,-,(D),"1,634",(D),"72,174",75,141,387,"1,245",(D),(D),-,"9,000",(D),433,400,260,(D),(D),140,"4,118",63,395,"18,299,166","1,705",(D),(D),"1,428"
2022 farms by number sold:,,,,,,,,,,,,,,,,,,,,,,,,,,,,,,,,,,,,,,,,,,,,,,,,,,,,,,,,,,,,,,,,,,,,,,,,,,,,,,,,,,,,,,,,,,,,,
"1 to 1,999..............................................................................",505,12,17,4,-,-,1,3,6,1,15,3,3,-,7,8,5,10,5,1,41,-,4,-,6,8,9,1,13,-,7,1,20,8,-,3,3,1,5,3,4,4,-,23,49,1,4,8,8,2,14,-,-,2,6,4,-,16,-,1,6,13,-,-,5,-,4,9,-,5,2,7,7,10,2,3,2,-,4,1,6,4,3,1,3,6,2,1,-,10,2,2,5
"2,000 to 59,999.....................................................................",25,-,2,-,-,-,-,-,-,-,-,-,1,-,1,-,-,-,-,-,2,-,-,-,-,-,-,-,-,-,3,-,-,-,-,-,-,-,1,1,-,-,-,-,11,-,-,-,1,-,-,-,-,-,-,-,-,-,-,-,-,-,-,-,-,-,-,-,-,-,-,-,-,-,-,-,-,-,-,-,-,-,-,-,-,-,-,-,-,-,1,1,-
"60,000 to 99,999...................................................................",8,-,-,-,-,-,-,-,-,-,-,-,-,-,-,-,-,-,-,-,5,-,-,-,-,-,-,-,-,-,-,-,-,-,-,-,-,-,-,-,-,-,-,-,3,-,-,-,-,-,-,-,-,-,-,-,-,-,-,-,-,-,-,-,-,-,-,-,-,-,-,-,-,-,-,-,-,-,-,-,-,-,-,-,-,-,-,-,-,-,-,-,-
"100,000 to 199,999...............................................................",128,-,-,-,-,-,-,-,-,-,-,-,-,-,-,-,-,-,-,-,49,-,-,-,-,-,-,-,-,-,-,-,-,-,-,-,-,-,-,-,-,-,-,4,55,-,-,-,-,-,4,-,-,-,-,-,-,14,-,-,-,-,-,-,-,-,-,-,-,-,-,-,-,-,-,-,-,-,-,-,-,-,1,-,-,-,-,-,1,-,-,-,-
"200,000 to 499,999...............................................................",24,-,1,-,-,-,-,-,-,-,-,-,-,-,-,-,-,-,-,-,6,-,-,-,-,-,-,-,-,-,-,1,-,-,-,-,-,-,-,-,-,-,-,2,7,-,-,-,-,-,4,-,-,-,-,-,-,-,-,-,-,-,-,-,-,-,-,-,-,-,-,-,-,-,-,-,-,-,-,-,-,-,-,-,-,-,-,-,2,-,-,-,1
"500,000 or more....................................................................",25,-,-,-,-,-,-,-,-,-,1,-,-,-,-,-,-,-,-,-,2,-,-,-,-,-,-,-,-,-,-,3,-,-,-,-,-,-,-,-,-,-,-,2,1,-,-,-,-,-,-,-,-,-,-,-,-,-,-,2,-,-,-,-,-,-,-,-,-,-,-,-,-,-,-,-,-,-,-,-,-,-,-,-,-,-,-,-,14,-,-,-,-
"Turkeys sold                                                                      farms, 2022",457,5,9,-,-,-,6,-,1,-,7,-,2,3,64,-,-,-,8,52,11,1,-,-,-,1,2,-,16,1,5,1,6,5,-,-,1,8,35,1,2,-,11,4,21,1,1,10,1,-,3,21,3,-,5,3,-,11,-,12,1,8,3,8,-,-,-,3,14,-,-,-,-,-,6,4,-,6,-,1,-,-,-,-,3,3,4,-,22,7,3,-,1
2017,526,13,3,3,2,-,11,-,1,4,-,-,4,1,65,-,3,2,3,58,14,-,-,2,3,1,2,2,15,1,3,5,4,6,2,2,-,3,22,2,4,14,12,6,18,4,6,13,3,6,3,23,-,6,3,-,-,6,-,7,5,4,10,6,6,1,2,10,5,7,-,7,-,9,4,2,-,4,-,2,8,-,-,-,1,7,3,-,15,4,3,3,2
"number, 2022","22,905,539","393,000",109,-,-,-,(D),-,(D),-,92,-,(D),(D),"6,301,851",-,-,-,49,"5,140,256",399,(D),-,-,-,(D),(D),-,"986,000",(D),920,(D),80,92,-,-,(D),30,"2,129,000",(D),(D),-,"817,664",96,"10,243",(D),(D),(D),(D),-,55,"1,363,101",3,-,"45,002",30,-,85,-,"1,109,265",(D),110,"198,548","591,000",-,-,-,120,"824,000",-,-,-,-,-,"516,600",16,-,"439,000",-,(D),-,-,-,-,26,(D),48,-,"1,646,320","3,826",(D),-,(D)
2017,"18,884,453","264,972",(D),21,(D),-,(D),-,(D),12,-,-,(D),(D),"5,120,469",-,15,(D),9,"3,333,872",225,-,-,(D),"1,204",(D),(D),(D),"951,013",(D),75,"505,000",26,"3,003",(D),(D),-,(D),"1,594,320",(D),256,104,"704,718",170,"2,496",22,18,"228,111",31,24,61,"1,350,405",-,6,"53,000",-,-,141,-,"1,180,180",15,240,"562,701","355,000",42,(D),(D),204,"441,600","10,700",-,49,-,96,"240,039",(D),-,"274,200",-,(D),14,-,-,-,(D),430,15,-,"1,359,471",406,(D),(D),(D)
"Ducks, geese, and other miscellaneous",,,,,,,,,,,,,,,,,,,,,,,,,,,,,,,,,,,,,,,,,,,,,,,,,,,,,,,,,,,,,,,,,,,,,,,,,,,,,,,,,,,,,,,,,,,,,
"poultry sold                                                                     farms, 2022",575,47,4,-,1,1,-,3,1,-,12,5,4,-,3,4,-,5,3,-,86,-,2,3,4,3,2,1,-,5,1,4,12,2,-,10,1,2,9,5,3,7,1,14,114,14,-,3,1,1,18,-,-,2,7,9,-,12,-,-,5,14,2,-,2,1,2,2,-,12,3,4,3,3,2,-,1,-,4,12,12,-,4,-,3,6,3,5,8,5,3,2,1
2017,538,42,6,10,-,-,6,-,-,8,16,-,-,2,6,5,1,1,4,6,44,1,-,2,4,-,6,-,5,-,3,3,5,3,-,10,1,1,11,9,12,13,-,12,57,-,3,11,6,4,7,-,4,13,2,4,2,22,-,5,8,5,4,2,3,-,-,6,-,16,-,11,4,4,-,2,2,-,2,9,13,-,-,-,2,3,3,10,9,8,6,-,8