Item,Texas,Anderson,Andrews,Angelina,Aransas,Archer,Armstrong,Atascosa,Austin,Bailey,Bandera,Bastrop,Baylor,Bee,Bell,Bexar,Blanco,Borden,Bosque,Bowie,Brazoria,Brazos,Brewster,Briscoe,Brooks,Brown,Burleson,Burnet,Caldwell,Calhoun,Callahan,Cameron,Camp,Carson,Cass,Castro,Chambers,Cherokee,Childress,Clay,Cochran,Coke,Coleman,Collin,Collingsworth,Colorado,Comal,Comanche,Concho,Cooke,Coryell,Cottle,Crane,Crockett,Crosby,Culberson,Dallam,Dallas,Dawson,Deaf Smith,Delta,Denton,DeWitt,Dickens,Dimmit,Donley,Duval,Eastland,Ector,Edwards,Ellis,El Paso,Erath,Falls,Fannin,Fayette,Fisher,Floyd,Foard,Fort Bend,Franklin,Freestone,Frio,Gaines,Galveston,Garza,Gillespie,Glasscock,Goliad,Gonzales,Gray,Grayson,Gregg,Grimes,Guadalupe,Hale,Hall,Hamilton,Hansford,Hardeman,Hardin,Harris,Harrison,Hartley,Haskell,Hays,Hemphill,Henderson,Hidalgo,Hill,Hockley,Hood,Hopkins,Houston,Howard,Hudspeth,Hunt,Hutchinson,Irion,Jack,Jackson,Jasper,Jeff Davis,Jefferson,Jim Hogg,Jim Wells,Johnson,Jones,Karnes,Kaufman,Kendall,Kenedy,Kent,Kerr,Kimble,King,Kinney,Kleberg,Knox,Lamar,Lamb,Lampasas,La Salle,Lavaca,Lee,Leon,Liberty,Limestone,Lipscomb,Live Oak,Llano,Loving,Lubbock,Lynn,McCulloch,McLennan,McMullen,Madison,Marion,Martin,Mason,Matagorda,Maverick,Medina,Menard,Midland,Milam,Mills,Mitchell,Montague,Montgomery,Moore,Morris,Motley,Nacogdoches,Navarro,Newton,Nolan,Nueces,Ochiltree,Oldham,Orange,Palo Pinto,Panola,Parker,Parmer,Pecos,Polk,Potter,Presidio,Rains,Randall,Reagan,Real,Red River,Reeves,Refugio,Roberts,Robertson,Rockwall,Runnels,Rusk,Sabine,San Augustine,San Jacinto,San Patricio,San Saba,Schleicher,Scurry,Shackelford,Shelby,Sherman,Smith,Somervell,Starr,Stephens,Sterling,Stonewall,Sutton,Swisher,Tarrant,Taylor,Terrell,Terry,Throckmorton,Titus,Tom Green,Travis,Trinity,Tyler,Upshur,Upton,Uvalde,Val Verde,Van Zandt,Victoria,Walker,Waller,Ward,Washington,Webb,Wharton,Wheeler,Wichita,Wilbarger,Willacy,Williamson,,Wilson,Winkler,Wise,Wood,Yoakum,Young,Zapata,Zavala
INVENTORY,,,,,,,,,,,,,,,,,,,,,,,,,,,,,,,,,,,,,,,,,,,,,,,,,,,,,,,,,,,,,,,,,,,,,,,,,,,,,,,,,,,,,,,,,,,,,,,,,,,,,,,,,,,,,,,,,,,,,,,,,,,,,,,,,,,,,,,,,,,,,,,,,,,,,,,,,,,,,,,,,,,,,,,,,,,,,,,,,,,,,,,,,,,,,,,,,,,,,,,,,,,,,,,,,,,,,,,,,,,,,,,,,,,,,,,,,,,,,,,,,,,,,,,,,,,,,,,,
"Any poultry                                                                            farms, 2022","33,366",243,29,156,18,41,7,195,234,15,160,298,10,94,430,365,123,4,222,175,459,114,21,3,21,215,218,313,162,46,154,197,80,14,193,7,79,189,8,86,4,22,83,599,7,133,201,173,14,338,274,11,6,4,14,6,7,132,17,16,41,571,122,21,13,15,49,163,35,25,515,96,319,132,322,223,41,15,6,136,119,144,59,40,147,15,253,7,132,215,34,453,109,208,429,16,8,95,3,6,205,334,172,8,14,197,11,355,369,329,40,210,316,118,28,11,763,34,26,103,77,245,18,109,20,126,691,125,56,540,261,1,3,204,46,-,7,38,22,269,37,178,26,242,150,173,278,138,17,98,49,-,155,6,44,575,8,89,43,16,58,60,63,322,13,66,265,80,19,264,316,15,47,7,266,290,111,34,66,6,6,167,204,115,986,7,24,132,35,6,121,143,12,29,81,9,52,2,183,96,46,221,34,70,133,75,80,32,54,23,202,4,491,54,141,47,1,16,19,15,219,210,5,17,8,134,211,167,51,174,282,12,61,44,521,182,217,265,1,195,55,93,20,106,28,42,394,,348,4,718,268,10,99,16,19
2017,"31,222",196,23,168,29,30,13,174,197,23,157,271,2,105,474,372,130,5,164,164,373,129,31,2,16,215,181,308,161,38,141,250,66,25,174,5,73,182,3,58,1,34,75,596,7,121,176,151,22,317,278,4,7,8,3,6,-,153,9,13,56,648,188,19,16,9,36,158,68,33,465,101,293,117,321,277,31,11,10,99,76,148,47,19,110,-,216,7,128,155,42,413,74,209,329,54,4,124,2,6,125,327,149,6,44,204,3,315,350,242,56,162,262,122,36,20,708,16,17,97,48,172,6,136,9,143,640,122,117,534,228,2,2,184,54,-,15,46,2,192,17,180,19,223,195,154,268,132,11,77,85,-,155,11,60,546,4,90,44,17,49,65,60,264,14,61,292,68,29,186,298,20,47,-,180,258,96,43,92,9,3,187,221,100,826,8,30,93,35,17,118,102,7,8,102,28,11,3,140,78,19,212,15,63,113,91,57,27,56,16,190,-,410,47,137,51,1,15,12,13,272,162,3,5,5,142,158,181,79,175,293,13,43,63,432,131,231,251,18,169,96,106,21,81,16,24,422,,339,2,711,225,-,90,16,25
"Layers                                                                                farms, 2022","30,288",216,29,133,17,41,7,182,213,15,155,268,4,88,402,335,119,4,204,158,419,101,15,2,21,200,201,302,136,45,141,179,57,10,144,7,69,175,8,84,4,20,68,561,7,116,189,168,13,318,252,10,6,4,14,3,7,126,15,15,36,526,116,21,11,15,44,157,35,21,496,85,313,124,301,208,41,15,6,127,49,127,59,39,139,14,218,7,121,128,31,420,104,193,401,15,8,92,3,5,195,296,164,8,14,183,11,335,334,308,38,204,234,107,28,11,696,34,26,96,73,215,18,97,18,116,658,117,52,504,251,1,3,179,44,-,7,32,16,256,36,161,24,227,146,133,252,125,17,88,46,-,145,6,42,532,8,72,35,14,54,60,61,303,12,62,236,75,19,252,299,15,30,7,119,271,106,32,60,6,6,152,186,87,910,7,24,128,35,6,113,128,12,29,76,9,46,2,136,94,46,196,29,37,127,71,76,26,50,23,75,2,459,50,123,40,1,16,17,12,211,198,5,11,8,69,204,152,45,170,253,12,56,39,483,172,209,248,1,180,44,88,20,96,25,36,372,,328,4,691,198,10,97,12,19
2017,"28,096",179,23,137,28,21,13,153,185,17,151,261,2,94,430,348,118,5,154,144,343,115,29,2,14,199,164,273,137,38,129,221,48,25,138,5,62,163,3,55,1,27,72,570,7,112,169,128,20,290,249,4,7,8,2,6,-,145,9,13,51,594,172,18,16,8,28,148,56,20,442,99,280,107,312,251,31,11,10,85,36,119,45,12,105,-,209,7,106,92,42,392,62,200,308,46,4,113,2,6,107,295,136,6,44,196,3,274,309,225,55,149,193,110,36,20,653,14,17,89,46,167,6,132,9,132,613,111,101,499,214,2,2,158,48,-,13,40,2,167,17,168,18,205,162,124,251,114,11,76,71,-,150,11,52,493,4,71,42,17,49,64,54,249,10,61,267,59,29,167,271,20,36,-,76,234,85,40,84,9,2,174,209,71,744,8,30,91,35,17,105,101,7,8,90,28,10,3,124,67,19,161,14,45,105,86,54,27,54,15,73,-,373,46,115,51,1,12,12,13,237,140,3,5,5,90,133,170,72,170,266,13,42,51,386,120,214,236,17,158,81,93,19,77,16,22,389,,310,2,652,165,-,84,9,25
"number, 2022","24,478,507","3,936",592,"28,745",854,827,126,"4,667","6,255",226,"3,084","6,236",75,"2,891","8,730","9,061","1,796",39,"3,664","5,773","198,431",(D),905,(D),455,"5,239","233,196","6,150",(D),863,"4,079","5,620",(D),591,"302,260",155,"2,826","3,356",113,"1,263",34,359,"1,075","11,629",284,"82,919","4,137","2,799",253,"6,854","8,922",212,134,70,452,34,159,"9,461",260,438,757,(D),"2,716",421,295,224,804,"2,930",872,365,"10,521","3,139","4,639","2,261","7,357",(D),919,432,52,"3,450",(D),"208,294","1,241",714,"17,784",378,"3,773",139,"2,879","9,876,002",568,"8,621","2,646","3,875",(D),294,126,"1,961",48,58,"4,729","10,165","4,131",130,204,"3,491",187,"9,247","7,974","38,672",600,"3,296","119,113","2,784",631,208,"23,632",517,531,"1,879","1,897","5,110",280,"3,159",179,"3,954","18,984","6,530",967,"14,816","4,568",(D),55,"3,291",896,-,174,522,94,"6,837",790,"3,904",541,"18,783","4,297",(D),"8,218",(D),214,"1,504",903,-,(D),126,739,"144,228",116,"2,040","1,620",226,"1,455","1,728","1,423","11,893",147,"1,310","173,622","1,314",520,"5,218","9,729",298,"1,073",82,"232,110","6,035","3,241",623,"1,200",100,114,"4,423","3,837",(D),"18,552",(D),474,"3,505","1,075",108,"2,695","4,863",895,417,(D),218,"1,447",(D),(D),"1,964",857,"41,060",721,"125,016","4,242","1,387","1,837",425,"1,634",451,"1,166,616",(D),"95,257",801,"2,025","2,375",(D),362,266,345,"5,082","3,326",67,316,35,"2,662","4,778","23,635",967,"5,360","5,174",404,966,751,"12,304","3,664","18,961","5,723",(D),(D),"1,565","3,715",417,"1,967",450,"1,437","8,621",,"7,108",66,"14,372","182,559",165,"1,563",107,621
2017,"21,006,254","3,494",733,"2,597",609,256,309,"4,039","4,013",370,"2,763","7,573",(D),"4,022","9,506","7,531","2,017",120,"3,054","7,306","119,839",(D),"1,011",(D),175,"3,808","111,575","7,085",(D),507,"3,154","7,021",(D),"1,084","25,036",119,"1,273","2,992",63,"1,422",(D),573,"1,419","13,275",165,"9,999","25,099","2,186",394,"6,513","5,894",36,142,269,(D),48,-,"5,446",165,251,"1,312",(D),"5,102",397,339,224,417,"3,060","1,246",371,"9,520","2,362","5,206",(D),"9,509","5,941",522,935,212,"2,111",(D),(D),785,172,"17,110",-,"4,057",250,"2,625","7,625,972",941,"8,094","1,190","6,408",(D),"1,370",33,"3,022",(D),106,"3,446","7,190","4,331",118,"1,107","6,199",27,"6,051","12,643","66,075","1,203","2,840","165,535",(D),637,503,"13,886",156,"1,214","1,334",971,"4,123",76,"3,957",157,"3,812","18,322","3,171","1,790","14,846","4,593",(D),(D),"39,324",884,-,604,"1,112",(D),"3,628",272,"3,506",331,"100,906","3,644","3,008","7,564","4,087",196,"2,400","1,062",-,(D),255,"1,464","12,956",163,"1,545",600,462,"1,499","1,395",561,"11,697",183,"1,228","224,068","1,443",738,"3,531","7,099",440,"1,001",-,"279,527","4,840","1,855",715,"2,328",92,(D),"8,630","4,707","1,388","17,088",(D),601,"1,885",906,382,"3,288","2,204",372,194,(D),"1,066",126,30,(D),"1,354",274,"25,945",359,"125,933","4,040","2,035","1,007",872,"1,282",345,"1,238,783",-,"12,602",840,"4,346","1,138",(D),209,353,327,"6,496","3,157",27,64,44,"1,850","2,578","27,296","2,372","4,061","49,354",165,670,"1,401","9,037","2,295","61,125","5,324",381,(D),"1,746","7,670",318,"2,321","1,121",678,"10,679",,"6,414",(D),"13,606","73,251",-,"2,279",283,414
2022 farms by inventory:,,,,,,,,,,,,,,,,,,,,,,,,,,,,,,,,,,,,,,,,,,,,,,,,,,,,,,,,,,,,,,,,,,,,,,,,,,,,,,,,,,,,,,,,,,,,,,,,,,,,,,,,,,,,,,,,,,,,,,,,,,,,,,,,,,,,,,,,,,,,,,,,,,,,,,,,,,,,,,,,,,,,,,,,,,,,,,,,,,,,,,,,,,,,,,,,,,,,,,,,,,,,,,,,,,,,,,,,,,,,,,,,,,,,,,,,,,,,,,,,,,,,,,,,,,,,,,,,
1 to 49...................................................................................,"27,352",208,29,108,13,36,7,165,189,14,145,242,4,73,359,305,117,4,188,141,356,90,13,2,21,190,185,291,119,42,136,154,52,9,119,7,60,166,8,84,4,20,67,516,4,107,176,161,13,292,227,7,4,4,12,3,7,107,13,14,35,482,105,19,9,15,39,147,33,21,457,78,309,119,264,198,38,9,6,111,48,114,50,39,111,12,212,6,105,97,30,392,97,183,361,14,8,83,3,5,176,263,144,8,14,172,11,302,295,283,36,197,209,85,24,11,608,33,26,89,65,196,18,81,18,97,579,96,48,425,238,1,3,171,41,-,6,28,16,229,30,145,22,215,130,131,203,118,17,86,42,-,118,6,42,492,8,60,30,14,49,52,58,265,12,57,211,71,17,232,246,15,27,7,106,252,89,30,54,6,6,124,179,80,843,6,24,117,26,6,99,98,5,28,70,9,34,2,118,82,45,176,27,31,102,62,68,26,44,21,52,2,422,50,114,34,1,13,15,7,187,190,5,10,8,54,184,132,43,142,235,9,56,36,447,161,187,215,-,173,34,75,19,84,21,32,327,,301,4,638,162,10,97,12,14
50 to 99.................................................................................,"1,992",8,-,24,1,5,-,13,16,1,6,25,-,11,35,18,-,-,13,11,49,5,-,-,-,9,7,9,5,3,-,15,-,-,14,-,-,8,-,-,-,-,1,36,3,-,8,7,-,19,15,3,2,-,-,-,-,9,2,-,-,37,7,2,2,-,5,8,2,-,26,2,4,5,32,6,2,6,-,12,-,7,9,-,24,-,6,1,16,7,-,23,4,7,27,1,-,8,-,-,17,25,15,-,-,11,-,23,33,8,2,2,11,20,4,-,55,1,-,4,6,10,-,14,-,10,49,13,4,56,10,-,-,6,1,-,1,4,-,13,6,12,2,11,9,1,24,1,-,2,4,-,13,-,-,28,-,6,-,-,3,5,1,23,-,5,17,4,1,19,39,-,-,-,7,8,4,2,6,-,-,19,2,6,56,-,-,4,6,-,10,24,1,1,4,-,12,-,16,12,1,15,2,-,20,9,3,-,4,2,5,-,20,-,9,3,-,3,2,5,15,5,-,1,-,9,20,6,-,11,13,-,-,3,26,8,21,28,-,3,7,4,-,9,4,1,38,,17,-,37,20,-,-,-,5
100 to 399.............................................................................,745,-,-,-,3,-,-,3,5,-,4,-,-,4,8,12,2,-,3,5,11,5,2,-,-,-,4,1,9,-,-,10,2,-,1,-,7,-,-,-,-,-,-,9,-,4,5,-,-,7,5,-,-,-,2,-,-,9,-,1,1,6,4,-,-,-,-,2,-,-,13,1,-,-,5,2,1,-,-,4,-,3,-,-,3,2,-,-,-,-,1,5,3,3,9,-,-,1,-,-,1,7,5,-,-,-,-,8,6,15,-,5,9,2,-,-,26,-,-,3,2,9,-,2,-,9,27,5,-,22,3,-,-,2,2,-,-,-,-,14,-,4,-,-,7,-,25,5,-,-,-,-,13,-,-,5,-,6,4,-,2,3,2,14,-,-,5,-,1,1,13,-,3,-,1,11,13,-,-,-,-,9,5,-,10,-,-,7,3,-,3,3,6,-,1,-,-,-,-,-,-,-,-,3,5,-,5,-,-,-,-,-,14,-,-,-,-,-,-,-,9,3,-,-,-,6,-,13,2,17,5,3,-,-,9,3,-,5,1,-,3,9,1,3,-,3,7,,10,-,14,11,-,-,-,-
"400 to 3,199..........................................................................",77,-,-,-,-,-,-,1,3,-,-,1,-,-,-,-,-,-,-,1,-,-,-,-,-,1,-,1,2,-,5,-,1,1,-,-,2,1,-,-,-,-,-,-,-,1,-,-,-,-,5,-,-,-,-,-,-,-,-,-,-,-,-,-,-,-,-,-,-,-,-,4,-,-,-,-,-,-,-,-,-,-,-,-,-,-,-,-,-,-,-,-,-,-,3,-,-,-,-,-,1,1,-,-,-,-,-,2,-,-,-,-,-,-,-,-,7,-,-,-,-,-,-,-,-,-,3,3,-,1,-,-,-,-,-,-,-,-,-,-,-,-,-,-,-,-,-,-,-,-,-,-,-,-,-,4,-,-,1,-,-,-,-,-,-,-,-,-,-,-,1,-,-,-,-,-,-,-,-,-,-,-,-,-,1,-,-,-,-,-,1,3,-,-,-,-,-,-,-,-,-,3,-,-,-,-,-,-,2,-,-,-,-,-,-,3,-,-,-,-,-,-,-,-,-,-,-,-,-,-,-,-,-,-,1,-,-,-,-,3,-,-,-,-,-,-,-,,-,-,2,1,-,-,-,-
"3,200 to 9,999.......................................................................",4,-,-,-,-,-,-,-,-,-,-,-,-,-,-,-,-,-,-,-,1,-,-,-,-,-,-,-,-,-,-,-,-,-,-,-,-,-,-,-,-,-,-,-,-,-,-,-,-,-,-,-,-,-,-,-,-,1,-,-,-,-,-,-,-,-,-,-,-,-,-,-,-,-,-,-,-,-,-,-,-,-,-,-,-,-,-,-,-,-,-,-,-,-,-,-,-,-,-,-,-,-,-,-,-,-,-,-,-,-,-,-,-,-,-,-,-,-,-,-,-,-,-,-,-,-,-,-,-,-,-,-,-,-,-,-,-,-,-,-,-,-,-,-,-,-,-,-,-,-,-,-,-,-,-,-,-,-,-,-,-,-,-,1,-,-,-,-,-,-,-,-,-,-,-,-,-,-,-,-,-,-,-,-,-,-,-,-,-,-,-,-,-,-,-,-,-,-,1,-,-,-,-,-,-,-,-,-,-,-,-,-,-,-,-,-,-,-,-,-,-,-,-,-,-,-,-,-,-,-,-,-,-,-,-,-,-,-,-,-,-,-,-,-,-,-,-,,-,-,-,-,-,-,-,-
"10,000 to 19,999...................................................................",9,-,-,-,-,-,-,-,-,-,-,-,-,-,-,-,-,-,-,-,-,-,-,-,-,-,-,-,-,-,-,-,-,-,-,-,-,-,-,-,-,-,-,-,-,1,-,-,-,-,-,-,-,-,-,-,-,-,-,-,-,-,-,-,-,-,-,-,-,-,-,-,-,-,-,-,-,-,-,-,-,-,-,-,1,-,-,-,-,-,-,-,-,-,-,-,-,-,-,-,-,-,-,-,-,-,-,-,-,2,-,-,-,-,-,-,-,-,-,-,-,-,-,-,-,-,-,-,-,-,-,-,-,-,-,-,-,-,-,-,-,-,-,1,-,-,-,-,-,-,-,-,-,-,-,-,-,-,-,-,-,-,-,-,-,-,-,-,-,-,-,-,-,-,-,-,-,-,-,-,-,-,-,-,-,-,-,-,-,-,-,-,-,-,-,-,-,-,-,-,-,1,-,-,-,-,-,-,-,-,1,-,-,-,-,-,-,-,-,-,-,-,-,-,-,-,-,1,-,-,-,-,-,-,-,-,1,-,-,-,-,-,-,-,-,-,-,,-,-,-,-,-,-,-,-
"20,000 to 49,999...................................................................",66,-,-,1,-,-,-,-,-,-,-,-,-,-,-,-,-,-,-,-,-,-,-,-,-,-,5,-,-,-,-,-,-,-,10,-,-,-,-,-,-,-,-,-,-,3,-,-,-,-,-,-,-,-,-,-,-,-,-,-,-,-,-,-,-,-,-,-,-,-,-,-,-,-,-,2,-,-,-,-,-,-,-,-,-,-,-,-,-,8,-,-,-,-,-,-,-,-,-,-,-,-,-,-,-,-,-,-,-,-,-,-,5,-,-,-,-,-,-,-,-,-,-,-,-,-,-,-,-,-,-,-,-,-,-,-,-,-,-,-,-,-,-,-,-,1,-,1,-,-,-,-,-,-,-,3,-,-,-,-,-,-,-,-,-,-,2,-,-,-,-,-,-,-,2,-,-,-,-,-,-,-,-,1,-,-,-,-,-,-,-,-,-,-,-,-,-,-,-,-,-,1,-,3,-,-,-,-,-,-,14,-,3,-,-,-,-,-,-,-,-,-,-,-,-,-,-,-,-,-,-,-,-,-,-,-,-,-,-,-,-,-,-,-,-,-,-,,-,-,-,1,-,-,-,-
"50,000 to 99,999...................................................................",22,-,-,-,-,-,-,-,-,-,-,-,-,-,-,-,-,-,-,-,2,-,-,-,-,-,-,-,-,-,-,-,1,-,-,-,-,-,-,-,-,-,-,-,-,-,-,-,-,-,-,-,-,-,-,-,-,-,-,-,-,-,-,-,-,-,-,-,-,-,-,-,-,-,-,-,-,-,-,-,1,3,-,-,-,-,-,-,-,7,-,-,-,-,-,-,-,-,-,-,-,-,-,-,-,-,-,-,-,-,-,-,-,-,-,-,-,-,-,-,-,-,-,-,-,-,-,-,-,-,-,-,-,-,-,-,-,-,-,-,-,-,-,-,-,-,-,-,-,-,-,-,-,-,-,-,-,-,-,-,-,-,-,-,-,-,-,-,-,-,-,-,-,-,3,-,-,-,-,-,-,-,-,-,-,-,-,-,-,-,-,-,-,-,-,-,-,-,1,-,-,-,-,-,-,-,-,-,-,-,1,-,-,-,-,-,-,-,-,-,-,-,-,-,-,-,-,-,-,-,-,-,-,-,-,-,-,-,-,-,-,-,-,-,-,-,-,,-,-,-,3,-,-,-,-
"100,000 or more....................................................................",21,-,-,-,-,-,-,-,-,-,-,-,-,-,-,-,-,-,-,-,-,1,-,-,-,-,-,-,1,-,-,-,1,-,-,-,-,-,-,-,-,-,-,-,-,-,-,-,-,-,-,-,-,-,-,-,-,-,-,-,-,1,-,-,-,-,-,-,-,-,-,-,-,-,-,-,-,-,-,-,-,-,-,-,-,-,-,-,-,9,-,-,-,-,1,-,-,-,-,-,-,-,-,-,-,-,-,-,-,-,-,-,-,-,-,-,-,-,-,-,-,-,-,-,-,-,-,-,-,-,-,-,-,-,-,-,-,-,-,-,-,-,-,-,-,-,-,-,-,-,-,-,1,-,-,-,-,-,-,-,-,-,-,-,-,-,1,-,-,-,-,-,-,-,-,-,-,-,-,-,-,-,-,-,-,1,-,-,-,-,-,-,-,-,1,-,-,-,-,-,-,-,-,-,-,-,-,-,-,-,2,-,-,-,-,-,-,-,-,-,-,-,-,-,-,-,-,-,-,-,-,-,-,-,-,-,-,-,-,1,-,-,-,-,-,-,-,,-,-,-,-,-,-,-,-
"Pullets for laying flock replacement                              farms, 2022","4,476",43,-,20,3,8,2,23,18,-,25,53,-,23,52,40,6,-,18,38,87,13,6,1,-,22,36,33,25,9,19,38,5,1,26,3,7,11,-,10,-,5,3,114,4,19,30,19,1,32,34,-,-,3,2,-,-,29,1,5,4,98,23,-,-,-,4,18,6,5,85,15,32,17,46,24,7,1,-,7,1,17,7,8,35,2,25,-,22,20,7,83,23,31,55,1,-,12,-,-,43,49,21,5,-,21,-,57,31,42,5,23,36,23,5,-,116,4,-,15,4,22,-,13,1,18,114,21,5,69,30,-,-,20,9,-,2,2,-,26,8,31,5,11,29,10,46,19,1,6,10,-,13,3,7,71,-,11,5,-,8,18,8,28,2,5,33,5,1,40,52,-,2,-,30,42,15,6,16,-,-,39,30,11,127,1,2,23,12,2,18,25,6,5,20,4,2,2,12,17,10,26,2,12,36,20,15,1,12,-,17,1,72,14,9,8,-,2,2,1,13,15,-,-,-,11,20,29,7,41,36,-,3,1,60,32,33,42,-,25,7,13,4,11,3,5,50,,22,-,115,39,-,6,-,-
2017,"4,211",18,2,11,1,2,-,26,36,-,27,40,-,27,55,46,9,-,22,15,63,27,1,-,-,21,19,41,13,-,13,47,2,5,23,-,12,15,1,7,-,2,11,82,2,11,17,19,1,39,60,1,2,1,2,-,-,37,-,2,7,87,31,-,6,-,2,26,9,4,67,1,34,31,76,42,-,5,-,16,-,21,10,-,8,-,46,-,11,9,7,45,8,36,50,9,-,18,-,1,9,35,44,-,4,41,-,41,55,49,7,14,37,24,-,2,87,-,2,16,6,28,3,20,2,13,127,21,8,68,40,-,-,18,6,-,6,4,-,25,-,21,3,31,25,10,53,18,-,13,7,-,29,-,7,69,-,10,2,4,3,8,5,31,-,5,38,3,4,35,52,1,4,-,21,36,11,2,17,-,2,38,20,3,97,2,6,21,6,-,15,7,-,-,20,9,-,-,11,8,3,28,3,18,30,7,8,8,12,3,26,-,48,11,-,6,-,1,-,1,37,31,-,3,-,6,12,26,7,24,24,-,4,6,60,20,23,44,-,12,5,4,4,11,7,7,63,,46,-,97,33,-,12,6,-
"number, 2022","7,659,290",487,-,263,45,90,(D),455,250,-,343,714,-,803,"1,222",991,182,-,372,436,"1,000",(D),12,(D),-,364,"134,946",380,(D),78,123,745,34,(D),314,27,342,402,-,170,-,46,37,"1,727",80,135,504,207,(D),431,619,-,-,30,(D),-,-,"1,155",(D),71,115,(D),418,-,-,-,52,485,70,38,"1,712",488,291,263,(D),390,113,(D),-,640,(D),139,85,96,826,(D),324,-,390,"2,595,793",54,"1,113",640,411,"1,422",(D),-,247,-,-,756,861,192,65,-,227,-,"1,193",602,739,65,"2,341",(D),546,210,-,"2,618",18,-,193,50,205,-,318,(D),244,"1,735",416,80,"1,585",215,-,-,234,97,-,(D),(D),-,425,100,467,58,124,875,"96,153","1,078",402,(D),75,102,-,(D),45,790,"1,999",-,403,45,-,637,237,87,"1,417",(D),41,(D),25,(D),"11,063",789,-,(D),-,"373,310",786,335,39,178,-,-,629,878,"308,338","2,704",(D),(D),836,188,(D),(D),247,60,15,(D),120,(D),(D),529,95,69,"1,859",(D),(D),818,333,185,(D),530,-,"719,618",(D),897,124,254,385,-,(D),(D),(D),684,218,-,-,-,355,306,"4,455",146,771,640,-,25,(D),785,468,355,621,-,147,244,642,89,155,17,130,"5,011",,426,-,"1,437","474,523",-,71,-,-
2017,"5,622,451",258,(D),159,(D),(D),-,390,444,-,290,"2,513",-,399,882,789,188,-,273,497,"1,682",(D),(D),-,-,404,(D),581,(D),-,870,936,(D),330,232,-,46,197,(D),203,-,(D),155,"1,307",(D),"1,412",259,240,(D),590,"1,458",(D),(D),(D),(D),-,-,931,-,(D),74,(D),(D),-,33,-,(D),536,130,42,"1,005",(D),466,457,"1,237",632,-,349,-,280,-,456,57,-,63,-,735,-,162,"2,191,795",55,"1,461",33,"1,054",942,90,-,208,-,(D),260,"1,496",951,-,18,"1,583",-,602,"1,059",(D),112,136,"394,365",224,-,(D),"1,603",-,(D),144,105,540,18,499,(D),171,"2,194",382,139,"1,204",413,-,-,182,60,-,90,112,-,303,-,620,30,292,364,(D),961,237,-,326,68,-,(D),-,67,"2,429",-,148,(D),80,900,122,30,429,-,50,(D),45,70,563,"2,280",(D),40,-,"295,927",509,950,(D),338,-,(D),484,725,(D),"1,545",(D),90,339,105,-,398,70,-,-,538,174,-,-,188,76,21,456,42,(D),449,179,70,174,706,15,"565,342",-,604,157,-,60,-,(D),-,(D),472,772,-,45,-,79,416,"8,636",223,759,271,-,60,45,993,524,309,706,-,136,10,34,44,351,161,102,"1,326",,696,-,"2,105",(D),-,677,(D),-
"Broilers and other meat-type chickens                         farms, 2022","4,768",61,2,26,-,4,-,23,36,-,23,40,1,15,46,46,9,-,30,32,61,8,-,-,9,31,32,32,20,3,22,48,28,-,59,-,16,40,-,10,-,2,3,71,-,15,22,-,2,27,47,-,-,-,3,-,-,17,5,-,4,22,10,4,-,-,3,16,6,4,70,16,26,14,30,22,-,-,-,26,71,41,9,11,23,-,22,-,16,80,-,59,12,25,54,5,-,6,1,-,36,50,11,-,-,16,-,40,117,50,3,12,116,15,-,-,94,4,6,8,3,30,-,25,-,27,56,18,6,63,22,-,-,23,4,-,1,4,1,45,-,10,3,24,9,42,53,25,-,15,4,-,26,-,6,56,-,15,14,9,-,11,12,29,1,1,32,15,4,13,28,-,20,-,157,59,20,2,11,-,-,36,3,28,71,-,5,12,5,-,8,23,6,-,6,-,5,-,42,11,3,38,5,30,25,7,1,7,5,-,132,-,66,9,37,7,-,1,2,3,20,34,-,6,-,72,25,18,6,37,50,-,6,2,71,21,37,42,-,12,5,17,2,19,-,11,31,,38,-,96,73,-,7,-,4
2017,"4,439",39,-,31,1,6,1,25,17,9,18,28,-,11,44,39,12,-,9,24,57,19,-,-,2,13,26,17,27,7,17,62,23,-,40,-,8,20,1,6,1,8,10,60,1,13,19,35,-,30,27,-,-,1,-,-,-,28,2,-,4,59,24,6,-,1,10,15,5,3,37,14,29,19,50,38,4,-,6,15,39,38,-,2,2,-,6,-,26,56,5,38,18,31,36,5,-,3,-,1,24,60,18,-,2,23,-,51,69,31,-,21,74,20,1,5,76,2,3,11,6,15,-,27,-,17,100,21,14,58,43,-,-,12,4,-,6,7,1,21,3,24,1,32,23,35,50,23,-,9,7,-,14,-,9,99,-,10,15,5,1,8,12,29,2,21,55,6,5,34,35,2,12,-,95,34,29,4,27,-,2,30,19,35,99,-,4,10,3,2,11,11,1,2,32,5,-,-,27,21,-,45,2,26,16,12,2,-,4,-,119,-,55,2,30,11,-,2,1,-,30,16,-,-,-,56,20,37,17,30,27,3,4,5,50,10,16,32,4,5,29,12,-,3,6,5,45,,31,-,79,54,-,11,9,-
"number, 2022","146,162,793","4,150,208",(D),"2,054,560",-,75,-,"1,080",953,-,602,"150,679",(D),"1,158","1,611","2,073",253,-,(D),"2,337,463","2,187",(D),-,-,297,316,"926,513","5,694",(D),60,187,"1,170","2,160,045",-,"4,549,591",-,439,"888,653",-,110,-,(D),66,"1,523",-,484,"1,098",-,(D),729,"1,001",-,-,-,3,-,-,864,136,-,50,398,162,156,-,-,50,"2,253",120,12,"1,521",670,406,296,664,950,-,-,-,"2,128","8,047,656","2,338,013",196,150,565,-,679,-,791,"16,763,421",-,"1,293",260,(D),"830,160",201,-,294,(D),-,495,"3,067",372,-,-,948,-,"3,877","2,479","25,119",15,309,"8,498,337","1,059,460",-,-,"18,744",34,116,130,60,971,-,583,-,683,"1,383",245,169,"1,516",798,-,-,221,32,-,(D),74,(D),871,-,144,820,450,130,"6,281,264","1,692","1,235,451",-,432,36,-,"5,222",-,170,"1,626",-,"3,516,923",(D),92,-,224,159,"2,544",(D),(D),"1,856,874",147,212,364,533,-,"1,715,935",-,"18,406,125","1,462",474,(D),237,-,-,"1,225",70,"2,407,227","2,298",-,125,532,65,-,140,"2,080",60,-,(D),-,84,-,"3,884,359",250,30,"2,388,923",(D),"11,089,895",625,198,(D),50,81,-,"19,149,121",-,(D),202,765,67,-,(D),(D),210,910,295,-,342,-,"7,979,141",664,"420,287",60,"3,236","1,715,441",-,164,(D),"1,085",317,(D),"1,828",-,144,80,"1,504",(D),373,-,162,701,,"2,822",-,"2,407","6,355,406",-,34,-,40
2017,"115,297,239","1,240,498",-,"2,978,320",(D),18,(D),"1,056",475,"19,350",509,766,-,182,"1,170","1,145",508,-,148,"693,012","1,834",(D),-,-,(D),200,(D),361,689,42,286,"1,171","2,432,811",-,"2,476,910",-,190,"869,312",(D),200,(D),130,330,708,(D),(D),827,801,-,756,314,-,-,(D),-,-,-,"1,894",(D),-,83,930,"7,437",134,-,(D),172,562,66,3,824,83,813,(D),"3,457","2,198",38,-,180,357,"5,883,700","2,200,784",-,(D),(D),-,206,-,404,"12,831,273",94,"2,581",468,(D),"841,427",332,-,60,-,(D),884,"2,768",(D),-,(D),"1,013",-,"1,079","1,947",789,-,912,"6,402,653","1,515,113",(D),100,(D),(D),45,"12,083",91,341,-,421,-,509,"2,359",668,337,"3,945","1,752",-,-,728,24,-,60,605,(D),(D),18,936,(D),599,"1,896","7,036,195","1,812","512,227",-,606,655,-,304,-,186,"3,986",-,"1,486,024",(D),120,(D),338,360,"4,531",(D),456,"731,179",68,10,"1,067","2,548",(D),"1,783,338",-,"15,970,118",813,299,180,581,-,(D),617,392,"4,257,940","5,960",-,100,582,6,(D),62,(D),(D),(D),"904,365",100,-,-,"3,527,479",304,-,"4,326,170",(D),"2,512,144","4,062",342,(D),-,44,-,"17,255,359",-,"2,991",(D),870,560,-,(D),(D),-,246,190,-,-,-,"6,780,063","1,050",(D),656,709,"664,964",42,60,230,"1,104",72,940,"1,342",(D),50,455,627,-,105,36,100,"3,406",,"1,260",-,"2,404","4,658,030",-,387,96,-
"Turkeys                                                                              farms, 2022","2,427",12,-,9,2,-,-,9,16,-,8,46,-,1,30,37,4,-,28,25,75,4,-,-,5,18,10,24,30,-,9,29,4,-,19,3,3,3,-,6,-,2,2,63,3,11,14,6,-,29,20,-,2,-,-,-,-,14,-,2,5,48,11,-,-,-,3,14,6,4,31,4,16,17,42,3,-,1,-,3,2,2,2,-,20,1,17,-,21,11,3,29,11,20,29,3,-,3,-,-,24,18,9,-,-,20,-,47,27,19,1,3,11,4,4,2,64,-,4,6,11,12,-,3,-,18,53,24,3,40,17,-,-,11,1,-,-,2,-,11,4,22,2,8,6,6,33,14,-,5,2,-,19,-,-,36,-,10,1,-,3,6,-,29,-,3,23,9,-,10,33,-,11,-,-,28,12,2,7,-,-,19,10,1,79,-,1,6,2,-,6,-,-,1,10,4,18,-,10,-,-,11,4,5,2,3,11,1,5,-,-,2,18,1,3,3,1,-,-,-,6,17,-,-,-,10,20,6,3,28,18,-,3,8,39,10,16,33,-,11,11,11,-,7,4,-,19,,21,2,48,6,-,1,-,-
2017,"2,126",10,-,1,5,-,-,5,21,3,5,15,-,9,22,40,3,-,6,9,30,13,6,-,-,23,15,18,18,-,14,54,15,3,13,2,-,3,-,2,-,2,-,45,-,5,8,12,-,18,23,-,3,-,1,-,-,8,-,-,9,52,10,-,-,-,-,11,2,-,25,2,12,-,25,17,2,1,6,6,1,4,3,1,4,-,19,-,9,5,2,20,11,19,17,-,-,8,-,-,9,22,6,-,9,16,-,24,26,16,6,3,11,10,3,3,82,1,3,6,9,6,-,8,3,21,57,16,6,41,10,-,-,15,-,-,7,-,-,14,3,15,1,12,6,-,18,7,-,-,3,-,16,-,1,41,-,4,-,-,-,-,-,34,2,5,22,4,8,1,29,2,8,-,4,9,13,4,7,-,-,17,2,11,58,-,5,14,2,-,6,14,-,-,13,13,1,-,9,5,-,17,-,-,3,8,-,3,-,-,4,-,10,2,16,6,-,2,-,-,14,7,-,-,-,4,15,10,3,29,8,-,1,4,38,11,8,23,-,13,3,5,2,5,7,5,20,,33,-,35,20,-,3,-,-
"number, 2022","413,895",42,-,25,(D),-,-,94,141,-,124,387,-,(D),249,555,32,-,138,133,546,11,-,-,25,106,52,"1,122",368,-,34,197,10,-,242,3,(D),94,-,24,-,(D),(D),439,18,379,241,15,-,110,157,-,(D),-,-,-,-,90,-,(D),18,166,206,-,-,-,300,118,36,170,205,80,64,68,121,(D),-,(D),-,14,(D),(D),(D),-,220,(D),375,-,427,54,6,143,84,332,436,60,-,12,-,-,133,262,39,-,-,266,-,277,185,377,(D),3,319,26,16,(D),469,-,8,28,118,88,-,41,-,348,373,266,8,257,293,-,-,100,(D),-,-,(D),-,45,20,132,(D),61,38,625,165,302,-,16,(D),-,73,-,-,(D),-,91,(D),-,6,24,-,124,-,18,(D),40,-,71,274,-,38,-,-,185,93,(D),385,-,-,52,35,(D),"1,090",-,(D),57,(D),-,32,-,-,(D),38,24,288,-,375,-,-,132,52,31,(D),9,89,(D),11,-,-,(D),251,(D),6,18,(D),-,-,-,23,60,-,-,-,25,68,51,18,228,53,-,17,35,201,73,104,386,-,87,80,401,-,21,31,-,117,,"1,468",(D),214,42,-,(D),-,-
2017,"1,317,891",34,-,(D),43,-,-,83,296,120,42,143,-,168,(D),921,22,-,(D),65,223,79,12,-,-,66,96,371,157,-,248,430,51,12,78,(D),-,68,-,(D),-,(D),-,157,-,17,80,32,-,68,187,-,18,-,(D),-,-,(D),-,-,66,373,166,-,-,-,-,159,(D),-,94,(D),114,-,148,314,(D),(D),36,48,(D),38,3,(D),164,-,46,-,108,86,(D),190,41,234,167,-,-,36,-,-,543,248,24,-,33,155,-,111,125,(D),27,7,73,52,21,6,328,(D),12,24,72,33,-,50,12,211,464,413,37,165,190,-,-,53,-,-,19,-,-,31,6,35,(D),68,19,-,494,12,-,-,30,-,97,-,(D),"289,657",-,34,-,-,-,-,-,"1,528",(D),20,"403,106",4,16,(D),670,(D),36,-,8,38,38,24,23,-,-,139,(D),82,501,-,149,71,(D),-,18,22,-,-,47,59,(D),-,31,5,-,35,-,-,12,120,-,21,-,-,12,-,144,(D),140,72,-,(D),-,-,50,26,-,-,-,114,39,306,30,145,49,-,(D),48,187,84,74,153,-,86,(D),38,(D),33,7,55,98,,813,-,191,219,-,21,-,-
"Ducks, geese, and other miscellaneous",,,,,,,,,,,,,,,,,,,,,,,,,,,,,,,,,,,,,,,,,,,,,,,,,,,,,,,,,,,,,,,,,,,,,,,,,,,,,,,,,,,,,,,,,,,,,,,,,,,,,,,,,,,,,,,,,,,,,,,,,,,,,,,,,,,,,,,,,,,,,,,,,,,,,,,,,,,,,,,,,,,,,,,,,,,,,,,,,,,,,,,,,,,,,,,,,,,,,,,,,,,,,,,,,,,,,,,,,,,,,,,,,,,,,,,,,,,,,,,,,,,,,,,,,,,,,,,,
"poultry                                                                              farms, 2022","11,879",87,9,47,13,14,-,64,73,8,66,144,6,38,157,142,34,-,88,76,213,33,9,-,4,80,72,85,66,24,50,65,16,5,46,-,25,61,2,28,-,9,26,256,4,42,69,66,5,129,106,1,5,3,2,3,5,64,1,4,15,217,51,5,8,2,11,49,15,11,189,36,82,42,121,53,11,9,5,61,22,28,21,4,75,-,80,2,51,68,9,147,45,84,157,8,2,49,-,1,83,121,50,1,5,68,3,145,113,158,14,58,93,37,9,1,341,7,7,52,28,87,-,44,3,61,279,42,16,236,72,-,1,66,10,-,5,12,12,91,6,83,13,77,62,27,119,52,8,31,15,-,38,-,14,227,-,24,13,6,19,31,10,119,2,29,106,30,5,72,145,-,9,-,40,133,30,7,19,-,-,82,58,28,376,-,3,51,21,4,49,62,1,1,24,-,12,2,67,50,10,70,15,28,54,22,21,9,20,5,25,2,194,19,43,10,1,4,-,6,91,68,4,5,1,27,84,71,16,71,64,9,21,18,185,67,75,117,-,52,16,36,4,31,10,21,137,,115,2,243,76,5,32,4,4
2017,"10,331",37,6,55,12,7,8,60,64,4,44,89,-,53,164,110,30,-,65,55,166,41,2,-,3,64,57,114,52,12,47,99,15,10,54,2,20,74,-,14,-,13,20,246,-,43,36,48,4,140,70,2,3,3,1,-,-,56,-,-,31,196,66,6,1,-,17,59,23,20,135,33,60,52,129,100,7,2,6,42,4,52,16,7,30,-,51,5,42,37,26,144,35,84,95,13,-,42,-,-,41,112,66,-,17,61,2,111,156,77,17,24,77,28,4,7,264,4,4,27,24,62,1,52,2,41,228,58,28,176,77,-,-,76,13,-,11,10,-,65,1,66,4,54,59,41,87,36,2,33,18,-,56,10,15,171,-,34,7,6,9,13,16,106,6,28,89,29,13,67,79,7,6,-,35,76,34,23,23,-,1,85,66,23,288,2,1,26,6,4,26,23,-,6,24,9,6,3,38,20,4,76,1,24,65,31,12,13,22,6,40,-,156,21,39,16,1,4,-,4,136,63,-,4,-,26,47,67,26,68,85,6,13,16,166,42,93,87,6,63,24,29,6,21,1,5,162,,90,-,242,53,-,38,7,3
NUMBER SOLD,,,,,,,,,,,,,,,,,,,,,,,,,,,,,,,,,,,,,,,,,,,,,,,,,,,,,,,,,,,,,,,,,,,,,,,,,,,,,,,,,,,,,,,,,,,,,,,,,,,,,,,,,,,,,,,,,,,,,,,,,,,,,,,,,,,,,,,,,,,,,,,,,,,,,,,,,,,,,,,,,,,,,,,,,,,,,,,,,,,,,,,,,,,,,,,,,,,,,,,,,,,,,,,,,,,,,,,,,,,,,,,,,,,,,,,,,,,,,,,,,,,,,,,,,,,,,,,,
"Any poultry sold                                                                    farms, 2022","17,504",137,16,105,12,18,2,97,104,6,94,165,2,61,208,188,61,-,76,88,274,46,10,-,19,80,114,143,86,31,73,140,43,6,106,4,32,88,2,38,-,10,30,315,6,54,100,81,6,157,140,5,4,3,7,-,6,85,10,12,23,323,58,9,8,4,19,65,22,20,255,52,142,64,173,84,19,10,1,86,83,82,32,17,109,7,111,4,70,157,13,219,77,101,251,10,7,44,1,1,116,196,97,1,8,101,4,182,225,150,18,96,189,73,20,9,404,15,16,41,36,109,8,77,12,87,367,53,30,273,110,1,2,93,18,-,3,16,8,142,29,94,11,87,74,100,165,77,5,37,30,-,78,5,19,272,3,42,25,7,18,40,33,167,6,38,144,34,7,137,212,5,41,-,213,127,54,14,44,3,6,102,83,57,476,7,18,70,24,4,56,88,11,13,34,5,39,-,110,52,23,129,20,45,84,39,41,15,24,12,174,-,279,24,54,18,1,7,3,10,133,89,2,14,-,104,124,103,33,117,137,5,28,16,261,101,141,141,1,69,27,39,9,45,18,19,188,,158,2,341,168,3,51,4,14
2017,"16,847",119,23,75,14,4,8,88,98,9,97,156,2,50,256,200,47,3,91,91,233,87,21,-,3,91,102,156,78,19,78,161,55,17,102,2,35,99,2,37,-,21,32,353,5,68,101,56,10,170,144,-,5,6,1,-,-,85,6,15,39,374,83,18,8,8,13,81,15,10,242,51,128,63,168,152,14,6,4,52,56,76,20,6,67,-,102,3,79,124,39,226,37,109,199,34,-,60,-,3,82,193,106,2,9,111,-,160,188,140,31,59,148,62,13,10,422,4,5,43,22,88,3,73,4,80,324,79,43,257,121,-,-,97,29,-,6,28,2,85,8,92,1,81,85,85,136,83,3,31,27,-,103,6,39,296,3,40,24,11,18,22,24,160,9,47,158,25,16,86,162,9,30,-,179,94,49,24,47,3,3,111,101,60,420,5,21,50,16,8,57,74,5,5,65,11,8,-,98,57,8,134,10,44,72,44,30,17,23,9,189,-,217,21,55,37,1,6,1,10,171,86,-,1,1,111,67,134,22,98,148,2,11,30,218,57,121,157,8,72,31,49,11,43,11,7,232,,192,-,359,145,-,41,2,5
"Layers sold                                                                        farms, 2022","2,915",22,2,13,9,4,2,24,12,1,15,33,-,4,31,30,7,-,14,16,46,11,-,-,3,7,18,32,17,5,12,13,2,1,18,-,6,15,-,10,-,-,1,57,1,10,14,18,-,27,17,-,-,-,5,-,-,25,-,1,6,67,6,-,-,2,2,10,-,3,33,8,37,15,37,7,5,-,-,17,1,18,8,5,30,2,22,-,7,35,4,33,10,19,41,-,-,9,-,-,22,21,23,1,-,9,1,37,36,19,1,21,25,2,3,1,92,2,3,4,2,18,-,9,-,6,67,5,3,58,14,-,-,17,3,-,-,-,8,9,1,20,-,12,12,4,22,6,2,-,3,-,18,4,-,51,-,3,5,-,3,3,5,31,-,3,18,10,2,7,59,-,6,-,24,16,8,-,6,-,-,11,8,8,118,1,3,10,3,-,18,15,-,-,7,-,8,-,20,10,3,31,1,9,14,11,-,-,5,6,15,-,48,-,6,5,-,1,-,-,20,23,-,-,-,10,34,27,11,27,21,-,-,9,54,19,14,21,-,8,-,2,2,7,-,2,39,,17,-,82,30,-,4,1,-
2017,"3,567",27,5,12,5,3,6,14,13,-,32,40,-,6,50,47,16,-,13,20,53,12,-,-,-,9,16,44,13,4,23,50,3,8,22,-,7,23,-,15,-,6,7,108,3,17,27,19,1,26,35,-,-,-,1,-,-,20,4,1,6,110,8,4,-,-,2,18,3,3,59,-,26,7,38,28,5,-,-,11,6,7,4,2,11,-,21,3,11,16,9,51,8,23,45,2,-,17,-,-,18,50,14,2,-,40,-,28,55,21,2,9,13,3,1,3,111,-,5,6,9,14,-,11,4,23,111,12,3,49,33,-,-,19,5,-,6,-,-,18,2,17,-,9,10,8,18,9,-,8,12,-,18,-,14,89,2,6,4,-,-,1,6,34,2,20,35,11,4,27,48,5,4,-,15,9,11,6,13,-,-,37,15,7,107,1,1,6,3,2,9,16,-,-,5,-,5,-,13,5,2,21,4,5,22,11,-,7,10,-,24,-,55,4,9,4,-,1,-,-,30,22,-,1,1,11,9,13,2,24,41,-,2,15,55,8,22,20,-,15,-,8,5,10,6,3,45,,39,-,101,13,-,9,1,-
"number, 2022","16,899,728",236,(D),(D),448,152,(D),"2,391",275,(D),122,487,-,226,560,"3,065",281,-,595,"1,128",(D),151,-,-,60,72,"230,771",897,(D),20,448,94,(D),(D),"267,566",-,144,"1,667",-,38,-,-,(D),"2,771",(D),"51,287",251,379,-,614,396,-,-,-,78,-,-,"15,535",-,(D),"3,790",(D),80,-,-,(D),(D),226,-,18,"1,164",160,715,567,"1,032",(D),346,-,-,331,(D),"206,308",300,60,553,(D),585,-,128,"7,469,631",64,915,185,294,(D),-,-,306,-,-,"1,475","1,651",461,(D),-,136,(D),"2,735","1,099",(D),(D),684,"91,980",(D),45,(D),"5,257",(D),78,162,(D),"1,108",-,906,-,50,"2,075",70,27,"2,131",210,-,-,450,44,-,-,-,50,252,(D),391,-,(D),851,(D),366,(D),(D),-,60,-,(D),70,-,"136,976",-,107,(D),-,306,60,100,"4,563",-,45,"121,352",161,(D),205,"1,603",-,36,-,"211,834",900,89,-,120,-,-,351,700,(D),"2,196",(D),(D),315,12,-,970,416,-,-,(D),-,46,-,"5,699",124,81,"36,287",(D),"124,325",541,270,-,-,140,48,"711,730",-,"88,293",-,620,"1,786",-,(D),-,-,693,478,-,-,-,"1,445","1,219",783,450,607,"1,828",-,-,264,"6,985",608,466,"2,722",-,(D),-,(D),(D),58,-,(D),"1,290",,294,-,"1,214","182,502",-,59,(D),-
2017,"11,869,745",651,203,466,292,61,60,415,224,-,350,"2,025",-,(D),"1,928","1,847",384,-,250,333,"4,860",(D),-,-,-,439,"152,123","1,509",(D),60,759,"4,326",(D),65,(D),-,676,"1,521",-,939,-,120,161,"4,079",45,"1,511","31,215",452,(D),888,"1,998",-,-,-,(D),-,-,"1,695",68,(D),80,(D),"1,093",44,-,-,(D),284,(D),18,822,-,232,(D),"1,929","1,913",15,-,-,216,(D),(D),74,(D),(D),-,397,36,255,"4,412,082",33,"1,512",254,602,(D),(D),-,931,-,-,418,"4,956",645,(D),-,"3,252",-,759,"4,148","55,109",(D),107,"140,220",65,(D),107,"1,899",-,200,86,183,181,-,658,80,614,"2,265",900,45,"10,066",355,-,-,"36,169",34,-,120,-,-,279,(D),193,-,"138,100",310,81,"1,341",159,-,158,116,-,567,-,503,"30,080",(D),84,32,-,-,(D),42,"3,492",(D),535,"242,535",144,16,"2,347","3,330",114,350,-,"228,122",105,94,88,343,-,-,"1,268",246,118,"3,781",(D),(D),45,750,(D),"1,876",815,-,-,(D),-,83,-,(D),53,(D),(D),64,"112,588","2,551",100,-,93,89,-,"868,254",-,"7,335",22,271,121,-,(D),-,-,"1,735",192,-,(D),(D),90,113,"12,974",(D),847,(D),-,(D),"1,352","2,083",138,705,399,-,(D),-,(D),58,123,504,18,"1,201",,532,-,"17,505",(D),-,179,(D),-
"Pullets for laying flock replacement sold                      farms, 2022",577,-,-,6,-,-,-,3,-,-,-,12,-,-,-,6,-,-,-,-,4,-,-,-,-,3,10,6,3,-,3,3,-,-,-,-,2,9,-,12,-,-,-,-,-,-,-,-,-,1,-,-,-,-,-,-,-,10,-,1,2,11,5,-,-,2,-,-,-,-,9,3,4,5,9,-,-,-,-,3,-,6,-,-,14,-,5,-,-,11,-,2,6,2,12,-,-,3,-,-,8,11,-,-,-,5,-,13,4,-,-,5,6,1,-,-,7,2,-,-,-,8,-,-,-,1,13,-,-,20,4,-,-,4,-,-,-,-,-,2,-,2,-,1,6,7,8,-,-,-,-,-,-,2,2,15,-,-,-,-,3,3,-,10,-,-,5,3,-,5,4,-,-,-,18,2,3,-,-,-,-,5,2,3,21,-,-,5,3,-,1,-,-,-,-,-,2,-,1,-,-,7,-,-,1,-,-,-,5,-,16,-,8,5,3,-,-,-,-,-,-,3,-,-,-,-,7,2,-,1,2,-,-,-,11,3,5,-,-,-,-,6,2,-,-,2,3,,2,-,14,5,-,-,-,-
2017,551,2,-,4,-,-,-,2,4,-,-,8,-,-,10,1,-,-,-,-,18,3,-,-,-,7,2,6,6,-,4,19,1,-,9,-,2,-,-,3,-,-,-,13,-,1,3,-,-,3,2,-,-,-,-,-,-,4,-,-,5,21,4,-,-,-,-,-,-,1,6,-,1,1,9,-,-,2,-,4,-,-,-,-,-,-,-,-,-,4,-,-,3,-,10,2,-,-,-,-,1,1,4,-,1,-,-,7,12,4,2,1,3,-,-,2,8,-,2,-,3,5,-,2,-,3,18,6,-,13,10,-,-,6,-,-,-,-,-,2,-,3,-,3,1,1,3,1,-,3,-,-,5,-,3,12,-,-,-,-,-,-,-,-,-,5,6,-,-,12,8,-,-,-,11,5,6,-,-,-,-,12,3,1,8,-,-,-,-,-,-,1,-,-,2,-,-,-,-,-,-,3,-,-,6,-,-,-,-,-,12,-,-,-,-,-,-,-,-,-,4,-,-,-,-,-,2,-,-,6,-,-,-,1,17,-,11,2,-,-,-,-,3,-,6,-,2,,3,-,20,10,-,1,1,-
"number, 2022","5,100,021",-,-,67,-,-,-,39,-,-,-,143,-,-,-,579,-,-,-,-,62,-,-,-,-,14,"404,095",48,225,-,12,66,-,-,-,-,(D),"1,558",-,198,-,-,-,-,-,-,-,-,-,(D),-,-,-,-,-,-,-,"1,140",-,(D),(D),126,110,-,-,(D),-,-,-,-,366,300,63,75,(D),-,-,-,-,900,-,30,-,-,268,-,(D),-,-,"812,548",-,(D),112,(D),340,-,-,126,-,-,188,306,-,-,-,57,-,900,318,-,-,"2,031",(D),(D),-,-,496,(D),-,-,-,54,-,-,-,(D),371,-,-,374,11,-,-,35,-,-,-,-,-,(D),-,(D),-,(D),360,"192,100",226,-,-,-,-,-,-,(D),(D),390,-,-,-,-,138,48,-,862,-,-,(D),15,-,"9,849",44,-,-,-,"865,228",(D),309,-,-,-,-,76,(D),"308,250",380,-,-,660,12,-,(D),-,-,-,-,-,(D),-,(D),-,-,(D),-,-,(D),-,-,-,70,-,"1,395,890",-,220,40,90,-,-,-,-,-,-,120,-,-,-,-,92,(D),-,(D),(D),-,-,-,112,150,300,-,-,-,-,180,(D),-,-,(D),"8,775",,(D),-,151,"570,015",-,-,-,-
2017,"5,063,427",(D),-,132,-,-,-,(D),32,-,-,320,-,-,222,(D),-,-,-,-,638,(D),-,-,-,256,(D),40,84,-,155,645,(D),-,33,-,(D),-,-,30,-,-,-,756,-,(D),150,-,-,300,(D),-,-,-,-,-,-,800,-,-,60,278,(D),-,-,-,-,-,-,(D),48,-,(D),(D),72,-,-,(D),-,40,-,-,-,-,-,-,-,-,-,"522,150",-,-,60,-,(D),(D),-,-,-,-,(D),(D),155,-,(D),-,-,182,180,(D),(D),(D),"1,130,000",-,-,(D),144,-,(D),-,30,60,-,(D),-,15,338,102,-,665,116,-,-,12,-,-,-,-,-,(D),-,(D),-,42,(D),(D),150,(D),-,45,-,-,161,-,12,172,-,-,-,-,-,-,-,-,-,15,(D),-,-,192,315,-,-,-,"681,045",31,750,-,-,-,-,515,23,(D),233,-,-,-,-,-,-,(D),-,-,(D),-,-,-,-,-,-,50,-,-,56,-,-,-,-,-,"1,588,486",-,-,-,-,-,-,-,-,-,60,-,-,-,-,-,(D),-,-,155,-,-,-,(D),530,-,140,(D),-,-,-,-,27,-,138,-,(D),,35,-,294,(D),-,(D),(D),-
"Broilers and other meat-type chickens sold                farms, 2022","2,086",32,2,13,-,-,-,14,8,-,12,19,-,3,24,15,-,-,17,9,26,7,-,-,3,-,14,5,4,-,3,15,21,1,39,-,3,21,-,-,-,2,2,19,-,4,14,2,-,3,14,-,-,-,-,-,-,4,-,-,8,14,1,2,-,-,-,8,-,2,20,6,6,2,3,5,-,-,-,18,68,24,5,5,4,-,9,-,1,72,-,25,4,13,10,-,-,6,-,-,-,16,5,-,-,7,-,14,32,17,3,-,90,5,-,-,36,2,-,2,2,9,-,7,-,12,10,2,-,19,4,-,-,7,-,-,-,-,-,5,-,2,-,5,-,34,10,7,-,8,-,-,11,-,2,15,-,8,2,1,-,1,-,4,1,1,26,3,2,11,20,-,19,-,137,8,1,-,-,-,-,11,2,21,25,-,5,4,-,-,8,6,-,-,2,-,1,-,31,-,-,15,5,25,9,4,2,-,3,6,131,-,28,4,12,3,-,-,-,3,23,5,-,6,-,71,19,10,-,11,31,-,3,-,12,-,4,8,-,2,-,10,2,9,1,-,13,,12,-,26,61,-,-,1,-
2017,"2,283",18,2,20,-,1,-,5,-,9,6,18,-,-,25,11,2,-,2,16,41,10,-,-,-,5,15,10,3,6,2,17,18,2,36,-,3,23,-,7,-,-,8,25,-,12,5,10,-,16,6,-,-,-,-,-,-,10,2,-,3,38,7,-,-,1,5,3,-,-,17,-,12,9,6,16,-,-,-,16,43,26,2,-,3,-,12,-,18,60,-,25,-,23,24,-,-,-,-,-,2,17,5,-,1,5,-,8,41,15,-,2,64,9,-,-,44,-,3,6,-,1,-,4,-,6,52,18,-,19,18,-,-,8,-,-,6,6,-,3,-,24,-,2,11,31,9,16,-,3,-,-,3,-,3,40,-,8,8,-,-,-,-,16,2,12,25,-,-,4,14,2,18,-,119,6,9,-,14,-,-,16,2,33,45,-,-,2,-,-,7,13,-,-,28,-,-,-,21,7,-,26,1,25,18,3,-,-,-,-,136,-,24,-,1,7,-,-,-,-,17,8,-,-,-,55,6,18,1,11,31,-,-,3,20,-,5,5,-,3,1,6,-,-,6,3,24,,9,-,36,41,-,1,-,-
"number, 2022","709,585,824","20,933,174",(D),"10,426,259",-,-,-,480,66,-,138,"900,327",-,875,550,"2,495",-,-,(D),"9,285,068",(D),(D),-,-,9,-,"4,701,830",(D),(D),-,30,462,"11,224,497",(D),"21,660,916",-,100,"4,241,770",-,-,-,(D),(D),247,-,230,614,(D),-,300,"1,299",-,-,-,-,-,-,420,-,-,"1,049",791,(D),(D),-,-,-,"1,840",-,(D),639,360,336,(D),140,337,-,-,-,"2,185","35,155,056","11,637,195",156,60,170,-,160,-,(D),"94,447,112",-,987,80,(D),"5,100,433",-,-,224,-,-,-,"1,130",21,-,-,940,-,"2,447",471,"4,060",15,-,"32,166,463","5,231,470",-,-,(D),(D),-,(D),(D),162,-,57,-,"2,436",355,(D),-,756,136,-,-,54,-,-,-,-,-,156,-,(D),-,172,-,"30,851,445",251,"6,290,002",-,242,-,-,"4,099",-,(D),249,-,"17,584,000",(D),(D),-,(D),-,350,(D),(D),"5,350,433",22,(D),281,681,-,"9,268,604",-,"86,982,261",269,(D),-,-,-,-,640,(D),"13,815,360","2,440",-,125,330,-,-,596,"1,050",-,-,(D),-,(D),-,"18,792,250",-,-,"12,230,786",(D),"54,615,790",156,170,(D),-,30,12,"90,518,787",-,(D),44,168,45,-,-,-,190,655,"1,560",-,331,-,"38,846,689",908,"1,357,275",-,"12,110","8,892,252",-,35,-,260,-,(D),940,-,(D),-,"2,028",(D),248,(D),-,729,,"2,050",-,570,"32,088,818",-,-,(D),-
2017,"619,061,221","6,198,444",(D),"14,977,816",-,(D),-,80,-,"96,060",6,848,-,-,421,452,(D),-,(D),"3,463,150",518,"4,227,625",-,-,-,50,(D),"5,400",75,6,(D),310,"10,993,525",(D),"11,796,905",-,375,"6,373,832",-,192,-,-,240,"1,428",-,360,"4,299",235,-,428,300,-,-,-,-,-,-,(D),(D),-,24,712,"7,240",-,-,(D),25,110,-,-,244,-,420,(D),"1,500",(D),-,-,-,"2,470","28,566,650","10,728,477",(D),-,300,-,"2,452",-,552,"74,211,677",-,"5,658",-,"2,373,447","4,200,789",-,-,-,-,-,(D),"2,581",(D),-,(D),322,-,74,"1,133",573,-,(D),"31,868,326","7,160,115",-,-,"191,454",-,45,"52,800",-,(D),-,66,-,215,860,438,-,"1,305",816,-,-,560,-,-,60,600,-,(D),-,539,-,(D),991,"30,236,200",576,"3,319,090",-,60,-,-,81,-,85,"3,512",-,"7,432,629",(D),-,-,-,-,(D),(D),102,"4,403,362",-,-,280,"1,670",(D),"10,749,650",-,"84,656,731",120,51,-,159,-,-,"1,810",(D),"24,393,040","4,086",-,-,(D),-,-,572,"1,622",-,-,"3,856,468",-,-,-,"18,778,430",140,-,"21,637,138",(D),"13,552,362","30,369",110,-,-,-,-,"103,631,416",-,959,-,(D),350,-,-,-,-,318,110,-,-,-,"38,524,692",129,(D),(D),295,"4,217,922",-,-,30,338,-,252,"1,700",-,120,(D),240,-,-,612,45,"4,320",,690,-,(D),"25,230,015",-,(D),-,-
2022 farms by number sold:,,,,,,,,,,,,,,,,,,,,,,,,,,,,,,,,,,,,,,,,,,,,,,,,,,,,,,,,,,,,,,,,,,,,,,,,,,,,,,,,,,,,,,,,,,,,,,,,,,,,,,,,,,,,,,,,,,,,,,,,,,,,,,,,,,,,,,,,,,,,,,,,,,,,,,,,,,,,,,,,,,,,,,,,,,,,,,,,,,,,,,,,,,,,,,,,,,,,,,,,,,,,,,,,,,,,,,,,,,,,,,,,,,,,,,,,,,,,,,,,,,,,,,,,,,,,,,,,
"1 to 1,999..............................................................................","1,159",10,2,1,-,-,-,14,8,-,12,16,-,3,24,15,-,-,16,3,25,5,-,-,3,-,10,4,3,-,3,15,-,1,2,-,3,13,-,-,-,2,2,19,-,4,14,2,-,3,14,-,-,-,-,-,-,4,-,-,8,14,1,2,-,-,-,8,-,2,20,6,6,2,3,5,-,-,-,18,1,14,5,5,4,-,9,-,1,1,-,25,4,12,6,-,-,6,-,-,-,16,5,-,-,7,-,14,32,17,3,-,18,1,-,-,35,2,-,2,2,9,-,7,-,12,10,2,-,19,4,-,-,7,-,-,-,-,-,5,-,2,-,5,-,2,10,1,-,8,-,-,11,-,2,15,-,-,-,1,-,1,-,4,1,-,17,3,2,11,20,-,1,-,1,8,1,-,-,-,-,11,2,-,25,-,5,4,-,-,8,6,-,-,-,-,1,-,1,-,-,7,3,-,9,4,2,-,3,6,2,-,27,4,12,3,-,-,-,3,23,5,-,6,-,7,19,1,-,7,15,-,3,-,12,-,3,8,-,2,-,10,2,9,-,-,13,,12,-,26,8,-,-,1,-
"2,000 to 59,999.....................................................................",16,-,-,-,-,-,-,-,-,-,-,-,-,-,-,-,-,-,-,-,1,-,-,-,-,-,-,1,-,-,-,-,1,-,-,-,-,-,-,-,-,-,-,-,-,-,-,-,-,-,-,-,-,-,-,-,-,-,-,-,-,-,-,-,-,-,-,-,-,-,-,-,-,-,-,-,-,-,-,-,-,-,-,-,-,-,-,-,-,1,-,-,-,-,-,-,-,-,-,-,-,-,-,-,-,-,-,-,-,-,-,-,1,-,-,-,-,-,-,-,-,-,-,-,-,-,-,-,-,-,-,-,-,-,-,-,-,-,-,-,-,-,-,-,-,-,-,-,-,-,-,-,-,-,-,-,-,-,1,-,-,-,-,-,-,-,1,-,-,-,-,-,-,-,-,-,-,-,-,-,-,-,-,-,-,-,-,-,-,-,-,-,-,-,-,-,-,-,1,-,-,-,-,-,-,-,-,-,-,-,-,-,-,-,-,-,-,-,-,-,-,-,-,-,-,-,-,3,-,4,-,-,-,-,-,-,-,-,-,-,-,-,-,-,1,-,-,,-,-,-,-,-,-,-,-
"60,000 to 99,999...................................................................",3,-,-,-,-,-,-,-,-,-,-,-,-,-,-,-,-,-,-,-,-,-,-,-,-,-,-,-,-,-,-,-,-,-,-,-,-,-,-,-,-,-,-,-,-,-,-,-,-,-,-,-,-,-,-,-,-,-,-,-,-,-,-,-,-,-,-,-,-,-,-,-,-,-,-,-,-,-,-,-,-,-,-,-,-,-,-,-,-,-,-,-,-,-,-,-,-,-,-,-,-,-,-,-,-,-,-,-,-,-,-,-,2,-,-,-,-,-,-,-,-,-,-,-,-,-,-,-,-,-,-,-,-,-,-,-,-,-,-,-,-,-,-,-,-,-,-,-,-,-,-,-,-,-,-,-,-,-,-,-,-,-,-,-,-,-,-,-,-,-,-,-,-,-,-,-,-,-,-,-,-,-,-,-,-,-,-,-,-,-,-,-,-,-,-,-,-,-,-,-,-,-,-,-,-,-,-,-,-,-,-,-,-,-,-,-,-,-,-,-,-,-,-,-,-,-,-,-,-,-,-,-,-,-,-,-,1,-,-,-,-,-,-,-,-,-,-,,-,-,-,-,-,-,-,-
"100,000 to 199,999...............................................................",31,-,-,2,-,-,-,-,-,-,-,-,-,-,-,-,-,-,-,-,-,1,-,-,-,-,-,-,-,-,-,-,1,-,4,-,-,-,-,-,-,-,-,-,-,-,-,-,-,-,-,-,-,-,-,-,-,-,-,-,-,-,-,-,-,-,-,-,-,-,-,-,-,-,-,-,-,-,-,-,-,-,-,-,-,-,-,-,-,-,-,-,-,-,-,-,-,-,-,-,-,-,-,-,-,-,-,-,-,-,-,-,4,-,-,-,1,-,-,-,-,-,-,-,-,-,-,-,-,-,-,-,-,-,-,-,-,-,-,-,-,-,-,-,-,5,-,-,-,-,-,-,-,-,-,-,-,-,-,-,-,-,-,-,-,-,-,-,-,-,-,-,-,-,-,-,-,-,-,-,-,-,-,-,-,-,-,-,-,-,-,-,-,-,1,-,-,-,3,-,-,-,-,-,-,-,-,-,-,-,6,-,-,-,-,-,-,-,-,-,-,-,-,-,-,-,-,-,-,-,1,-,-,-,-,-,-,-,-,-,-,-,-,-,-,-,-,,-,-,-,2,-,-,-,-
"200,000 to 499,999...............................................................",353,6,-,-,-,-,-,-,-,-,-,3,-,-,-,-,-,-,-,3,-,-,-,-,-,-,-,-,-,-,-,-,15,-,21,-,-,2,-,-,-,-,-,-,-,-,-,-,-,-,-,-,-,-,-,-,-,-,-,-,-,-,-,-,-,-,-,-,-,-,-,-,-,-,-,-,-,-,-,-,44,-,-,-,-,-,-,-,-,14,-,-,-,-,-,-,-,-,-,-,-,-,-,-,-,-,-,-,-,-,-,-,42,1,-,-,-,-,-,-,-,-,-,-,-,-,-,-,-,-,-,-,-,-,-,-,-,-,-,-,-,-,-,-,-,1,-,-,-,-,-,-,-,-,-,-,-,-,1,-,-,-,-,-,-,-,3,-,-,-,-,-,9,-,42,-,-,-,-,-,-,-,-,14,-,-,-,-,-,-,-,-,-,-,-,-,-,-,12,-,-,-,-,6,-,-,-,-,-,-,49,-,-,-,-,-,-,-,-,-,-,-,-,-,-,23,-,6,-,-,6,-,-,-,-,-,-,-,-,-,-,-,-,-,-,-,-,,-,-,-,30,-,-,-,-
"500,000 or more....................................................................",524,16,-,10,-,-,-,-,-,-,-,-,-,-,-,-,-,-,1,3,-,1,-,-,-,-,4,-,1,-,-,-,4,-,12,-,-,6,-,-,-,-,-,-,-,-,-,-,-,-,-,-,-,-,-,-,-,-,-,-,-,-,-,-,-,-,-,-,-,-,-,-,-,-,-,-,-,-,-,-,23,10,-,-,-,-,-,-,-,56,-,-,-,1,4,-,-,-,-,-,-,-,-,-,-,-,-,-,-,-,-,-,23,3,-,-,-,-,-,-,-,-,-,-,-,-,-,-,-,-,-,-,-,-,-,-,-,-,-,-,-,-,-,-,-,26,-,6,-,-,-,-,-,-,-,-,-,8,-,-,-,-,-,-,-,1,5,-,-,-,-,-,9,-,94,-,-,-,-,-,-,-,-,7,-,-,-,-,-,-,-,-,-,-,1,-,-,-,14,-,-,8,2,19,-,-,-,-,-,-,74,-,1,-,-,-,-,-,-,-,-,-,-,-,-,41,-,-,-,-,9,-,-,-,-,-,-,-,-,-,-,-,-,-,-,-,-,,-,-,-,21,-,-,-,-
"Turkeys sold                                                                      farms, 2022",576,-,-,5,-,-,-,-,3,-,-,15,-,-,3,8,-,-,7,5,17,-,-,-,-,-,2,15,5,-,3,1,-,-,6,-,1,1,-,-,-,-,-,24,-,1,6,3,-,5,3,-,-,-,-,-,-,7,-,1,-,1,1,-,-,-,-,-,-,2,12,4,1,-,18,1,-,-,-,3,-,-,2,-,8,-,3,-,2,1,-,5,-,4,15,3,-,-,-,-,7,12,3,-,-,4,-,5,3,2,-,2,4,1,-,1,20,-,-,-,2,6,-,-,-,8,9,-,-,10,10,-,-,5,-,-,-,-,-,3,-,13,-,-,1,3,6,4,-,-,-,-,6,-,-,11,-,-,1,-,3,-,-,3,-,-,10,-,-,1,10,-,4,-,-,4,3,-,5,-,-,-,-,3,29,-,-,-,-,-,2,-,-,-,-,-,-,-,3,-,-,5,1,3,-,-,-,-,2,-,-,-,2,-,-,-,-,-,-,-,-,3,-,-,-,3,3,7,2,4,5,-,1,-,2,4,1,11,-,1,-,5,-,-,4,-,4,,11,-,13,-,-,4,-,-
2017,607,2,-,-,5,-,-,-,8,-,4,6,-,3,21,1,-,-,5,-,10,3,1,-,-,-,1,8,-,-,8,10,-,-,8,-,-,5,-,3,-,-,-,13,-,6,2,4,-,10,12,-,-,-,-,-,-,1,-,-,3,12,2,-,-,-,-,-,-,-,9,1,2,-,5,13,-,-,-,2,-,2,-,-,1,-,10,-,7,1,-,3,2,10,11,-,-,-,-,-,3,8,-,-,-,11,-,3,4,7,-,-,-,-,-,-,25,1,-,-,-,5,-,1,-,-,25,2,-,9,-,-,-,-,-,-,6,-,-,-,-,2,-,2,-,-,7,-,-,-,3,-,3,-,-,16,-,5,-,-,-,-,-,9,-,-,9,-,-,1,10,-,-,-,-,-,-,4,-,-,-,16,-,6,13,-,4,6,-,-,6,2,-,-,2,-,1,-,-,-,-,-,-,-,-,2,-,-,-,-,-,-,2,-,3,12,-,-,-,-,2,-,-,-,-,-,3,8,-,7,4,-,-,-,4,-,2,6,-,5,1,-,-,-,6,-,11,,13,-,23,-,-,-,-,-
"number, 2022","1,453,188",-,-,49,-,-,-,-,45,-,-,228,-,-,45,149,-,-,140,76,220,-,-,-,-,-,(D),889,850,-,6,(D),-,-,50,-,(D),(D),-,-,-,-,-,162,-,(D),648,30,-,36,90,-,-,-,-,-,-,31,-,(D),-,(D),(D),-,-,-,-,-,-,(D),64,49,(D),-,38,(D),-,-,-,3,-,-,(D),-,48,-,125,-,(D),(D),-,27,-,47,281,9,-,-,-,-,14,258,3,-,-,160,-,80,90,(D),-,(D),232,(D),-,(D),212,-,-,-,(D),90,-,-,-,394,156,-,-,73,168,-,-,52,-,-,-,-,-,18,-,81,-,-,(D),(D),56,(D),-,-,-,-,"2,223",-,-,(D),-,-,(D),-,18,-,-,6,-,-,"554,596",-,-,(D),82,-,20,-,-,26,60,-,375,-,-,-,-,15,"2,013",-,-,-,-,-,(D),-,-,-,-,-,-,-,122,-,-,"1,134",(D),141,-,-,-,-,(D),-,-,-,(D),-,-,-,-,-,-,-,-,26,-,-,-,6,15,608,(D),4,175,-,(D),-,(D),12,(D),141,-,(D),-,177,-,-,31,-,(D),,"1,506",-,73,-,-,30,-,-
2017,"5,270,968",(D),-,-,43,-,-,-,166,-,34,180,-,6,(D),(D),-,-,(D),-,62,15,(D),-,-,-,(D),168,-,-,160,36,-,-,32,-,-,50,-,6,-,-,-,182,-,12,(D),10,-,172,30,-,-,-,-,-,-,(D),-,-,6,116,(D),-,-,-,-,-,-,-,126,(D),(D),-,127,264,-,-,-,(D),-,(D),-,-,(D),-,10,-,57,(D),-,(D),(D),212,68,-,-,-,-,-,75,478,-,-,-,85,-,21,20,(D),-,-,-,-,-,-,596,(D),-,-,-,5,-,(D),-,-,239,(D),-,45,-,-,-,-,-,-,12,-,-,-,-,(D),-,(D),-,-,236,-,-,-,156,-,9,-,-,"1,351,717",-,118,-,-,-,-,-,"1,412",-,-,"1,629,212",-,-,(D),287,-,-,-,-,-,-,96,-,-,-,216,-,144,442,-,8,28,-,-,24,(D),-,-,(D),-,(D),-,-,-,-,-,-,-,-,(D),-,-,-,-,-,-,(D),-,15,282,-,-,-,-,(D),-,-,-,-,-,3,155,-,26,26,-,-,-,28,-,(D),146,-,98,(D),-,-,-,240,-,248,,474,-,"1,248",-,-,-,-,-
"Ducks, geese, and other miscellaneous",,,,,,,,,,,,,,,,,,,,,,,,,,,,,,,,,,,,,,,,,,,,,,,,,,,,,,,,,,,,,,,,,,,,,,,,,,,,,,,,,,,,,,,,,,,,,,,,,,,,,,,,,,,,,,,,,,,,,,,,,,,,,,,,,,,,,,,,,,,,,,,,,,,,,,,,,,,,,,,,,,,,,,,,,,,,,,,,,,,,,,,,,,,,,,,,,,,,,,,,,,,,,,,,,,,,,,,,,,,,,,,,,,,,,,,,,,,,,,,,,,,,,,,,,,,,,,,,
"poultry sold                                                                     farms, 2022","2,358",35,-,9,-,7,-,12,8,-,19,25,-,3,12,13,8,-,9,16,50,5,1,-,2,7,17,19,21,6,12,11,4,5,20,-,-,11,-,10,-,1,3,40,-,12,11,10,1,14,13,-,2,-,-,-,-,28,-,1,3,53,9,2,-,-,2,2,-,3,21,6,16,10,40,3,1,-,-,13,1,9,2,-,32,-,14,-,8,26,-,37,12,20,48,4,-,13,-,-,15,19,12,-,-,8,-,24,6,20,4,6,17,2,3,-,85,1,6,2,-,17,-,13,-,5,70,6,3,73,15,-,-,17,-,-,-,6,8,2,-,16,-,19,14,2,18,13,-,2,-,-,-,-,-,47,-,7,-,-,7,-,1,19,2,3,29,5,3,5,38,-,10,-,19,16,5,-,-,-,-,13,12,4,87,-,1,9,5,-,-,8,-,1,1,-,-,-,16,2,-,22,-,9,15,2,4,-,5,-,14,-,44,3,12,-,-,-,-,-,15,23,2,-,-,7,22,17,4,23,10,-,1,6,31,12,18,21,-,7,4,13,-,9,4,4,36,,9,-,45,28,-,9,1,-
2017,"2,417",20,2,7,6,-,6,4,8,-,18,33,-,9,36,41,-,-,13,15,42,7,3,-,3,4,20,18,15,2,12,26,2,6,9,-,1,8,-,3,-,1,4,52,-,10,17,-,1,20,22,-,3,-,-,-,-,27,-,6,9,52,11,-,-,-,2,9,4,-,24,1,12,1,34,29,-,-,-,7,2,12,4,2,10,-,6,3,20,9,9,40,11,16,34,5,-,12,-,-,13,26,12,-,1,19,-,15,43,13,4,2,18,5,2,2,65,3,3,4,1,17,-,13,-,16,56,12,10,47,33,-,-,20,5,-,-,2,-,8,-,16,-,12,4,-,17,11,-,6,10,-,11,-,5,58,-,5,-,-,2,-,-,25,2,17,27,1,-,22,27,-,4,-,11,10,2,6,1,-,1,27,3,1,49,-,-,3,6,-,12,7,-,-,10,-,3,-,13,6,-,31,-,3,22,11,2,1,7,2,19,-,23,4,5,2,-,1,-,3,27,16,-,-,-,2,13,16,6,15,32,-,1,1,51,9,15,28,-,4,6,1,2,4,6,3,42,,11,-,48,17,-,9,1,-